run	variant	workload	transactions	workers	seconds	tps	reused	conflicts	retries	backoff	bodies_reused	fees_rebased
1	before	tip20_paid_aa	10000	0	0.088816	112592	0	0	0	0	0	0
1	before	tip20_paid_aa	10000	16	0.087515	114266	9985	15	0	0	0	9906
1	before	tip20_paid_aa	10000	32	0.101366	98652	9969	31	0	0	0	9890
1	before	tip20_paid_aa	25000	0	0.230729	108352	0	0	0	0	0	0
1	before	tip20_paid_aa	25000	16	0.230180	108611	24985	15	0	0	0	24789
1	before	tip20_paid_aa	25000	32	0.253089	98780	24969	31	0	0	0	24773
1	before	tip20_paid_aa	50000	0	0.460908	108481	0	0	0	0	0	0
1	before	tip20_paid_aa	50000	16	0.485693	102946	49985	15	0	0	0	49594
1	before	tip20_paid_aa	50000	32	0.511183	97812	49969	31	0	0	0	49578
1	before	tip20_paid_aa	100000	0	0.932092	107286	0	0	0	0	0	0
1	before	tip20_paid_aa	100000	16	0.878543	113825	99985	15	0	0	0	99203
1	before	tip20_paid_aa	100000	32	1.036747	96456	99969	31	0	0	0	99187
2	after	tip20_paid_aa	10000	0	0.095823	104360	0	0	0	0	0	0
2	after	tip20_paid_aa	10000	16	0.102182	97865	9985	15	0	0	0	9906
2	after	tip20_paid_aa	10000	32	0.095024	105237	9969	31	0	0	0	9890
2	after	tip20_paid_aa	25000	0	0.232943	107323	0	0	0	0	0	0
2	after	tip20_paid_aa	25000	16	0.237721	105165	24985	15	0	0	0	24789
2	after	tip20_paid_aa	25000	32	0.240762	103837	24969	31	0	0	0	24773
2	after	tip20_paid_aa	50000	0	0.475352	105185	0	0	0	0	0	0
2	after	tip20_paid_aa	50000	16	0.451971	110627	49985	15	0	0	0	49594
2	after	tip20_paid_aa	50000	32	0.476148	105009	49969	31	0	0	0	49578
2	after	tip20_paid_aa	100000	0	0.955965	104606	0	0	0	0	0	0
2	after	tip20_paid_aa	100000	16	0.882770	113280	99985	15	0	0	0	99203
2	after	tip20_paid_aa	100000	32	0.971497	102934	99969	31	0	0	0	99187
3	after	tip20_paid_aa	10000	0	0.093794	106617	0	0	0	0	0	0
3	after	tip20_paid_aa	10000	16	0.084581	118231	9985	15	0	0	0	9906
3	after	tip20_paid_aa	10000	32	0.097853	102194	9969	31	0	0	0	9890
3	after	tip20_paid_aa	25000	0	0.235616	106105	0	0	0	0	0	0
3	after	tip20_paid_aa	25000	16	0.210144	118966	24985	15	0	0	0	24789
3	after	tip20_paid_aa	25000	32	0.240358	104012	24969	31	0	0	0	24773
3	after	tip20_paid_aa	50000	0	0.472089	105912	0	0	0	0	0	0
3	after	tip20_paid_aa	50000	16	0.434065	115190	49985	15	0	0	0	49594
3	after	tip20_paid_aa	50000	32	0.491367	101757	49969	31	0	0	0	49578
3	after	tip20_paid_aa	100000	0	0.957095	104483	0	0	0	0	0	0
3	after	tip20_paid_aa	100000	16	0.884097	113110	99985	15	0	0	0	99203
3	after	tip20_paid_aa	100000	32	0.982022	101831	99969	31	0	0	0	99187
4	before	tip20_paid_aa	10000	0	0.094969	105298	0	0	0	0	0	0
4	before	tip20_paid_aa	10000	16	0.082003	121947	9985	15	0	0	0	9906
4	before	tip20_paid_aa	10000	32	0.102674	97396	9969	31	0	0	0	9890
4	before	tip20_paid_aa	25000	0	0.232135	107696	0	0	0	0	0	0
4	before	tip20_paid_aa	25000	16	0.205150	121862	24985	15	0	0	0	24789
4	before	tip20_paid_aa	25000	32	0.252151	99147	24969	31	0	0	0	24773
4	before	tip20_paid_aa	50000	0	0.474915	105282	0	0	0	0	0	0
4	before	tip20_paid_aa	50000	16	0.510928	97861	49985	15	0	0	0	49594
4	before	tip20_paid_aa	50000	32	0.519815	96188	49969	31	0	0	0	49578
4	before	tip20_paid_aa	100000	0	0.956844	104510	0	0	0	0	0	0
4	before	tip20_paid_aa	100000	16	0.921141	108561	99985	15	0	0	0	99203
4	before	tip20_paid_aa	100000	32	1.073879	93120	99969	31	0	0	0	99187
