workload	transactions	workers	seconds	tps	reused	conflicts	retries	backoff
storage	10000	0	0.019561	511223	0	0	0	0
storage	10000	16	0.039161	255353	10000	0	0	0
storage	10000	32	0.054729	182719	10000	0	0	0
compute	10000	0	1.317196	7592	0	0	0	0
compute	10000	16	0.143017	69922	10000	0	0	0
compute	10000	32	0.125165	79895	10000	0	0	0
tip20	10000	0	0.045863	218043	0	0	0	0
tip20	10000	16	0.123270	81123	10000	0	0	0
tip20	10000	32	0.143745	69568	10000	0	0	0
tip20_paid	10000	0	0.076928	129991	0	0	0	0
tip20_paid	10000	16	0.092338	108298	9	1143	0	8848
tip20_paid	10000	32	0.093530	106917	9	1143	0	8848
storage	50000	0	0.094009	531865	0	0	0	0
storage	50000	16	0.204334	244697	50000	0	0	0
storage	50000	32	0.275298	181621	50000	0	0	0
compute	50000	0	6.437752	7767	0	0	0	0
compute	50000	16	0.761587	65652	50000	0	0	0
compute	50000	32	0.643561	77693	50000	0	0	0
tip20	50000	0	0.265865	188066	0	0	0	0
tip20	50000	16	0.481439	103855	50000	0	0	0
tip20	50000	32	0.543969	91917	50000	0	0	0
tip20_paid	50000	0	0.425707	117452	0	0	0	0
tip20_paid	50000	16	0.486173	102844	44	5588	0	44368
tip20_paid	50000	32	0.494722	101067	44	5588	0	44368
storage	100000	0	0.192581	519261	0	0	0	0
storage	100000	16	0.361143	276899	100000	0	0	0
storage	100000	32	0.576799	173371	100000	0	0	0
compute	100000	0	12.768105	7832	0	0	0	0
compute	100000	16	1.339540	74652	100000	0	0	0
compute	100000	32	1.342984	74461	100000	0	0	0
tip20	100000	0	0.548437	182336	0	0	0	0
tip20	100000	16	1.033090	96797	100000	0	0	0
tip20	100000	32	1.446196	69147	100000	0	0	0
tip20_paid	100000	0	0.863404	115821	0	0	0	0
tip20_paid	100000	16	1.034375	96677	87	11049	0	88864
tip20_paid	100000	32	1.053258	94944	87	11049	0	88864
