transactions	workers	repeat	upstream_seconds	updated_seconds
10000	0	0	0.035991880	0.025841056
10000	0	1	0.035778629	0.025475911
10000	0	2	0.035782046	0.025528729
10000	16	0	0.035720460	0.012829632
10000	16	1	0.035695713	0.012353840
10000	16	2	0.035888716	0.012144516
10000	32	0	0.035637374	0.012152401
10000	32	1	0.036513449	0.011836037
10000	32	2	0.036355322	0.011536415
25000	0	0	0.089899318	0.063929921
25000	0	1	0.089775146	0.065441640
25000	0	2	0.089996260	0.064478542
25000	16	0	0.090261468	0.033161126
25000	16	1	0.091180263	0.030264219
25000	16	2	0.091094762	0.029051352
25000	32	0	0.091139516	0.028988985
25000	32	1	0.090674964	0.028589625
25000	32	2	0.090813905	0.028339296
50000	0	0	0.181196179	0.129324453
50000	0	1	0.181618563	0.128986027
50000	0	2	0.182951745	0.129025210
50000	16	0	0.181377090	0.058824819
50000	16	1	0.181769506	0.058742234
50000	16	2	0.181136938	0.057527363
50000	32	0	0.180993629	0.057062150
50000	32	1	0.181264467	0.056874999
50000	32	2	0.181021121	0.056594563
