workload	transactions	workers	seconds	tps	reused	conflicts	retries	backoff	bodies_reused
storage	10000	0	0.020167	495858	0	0	0	0	0
storage	10000	16	0.063454	157595	10000	0	0	0	0
storage	10000	32	0.070151	142551	10000	0	0	0	0
compute	10000	0	1.377213	7261	0	0	0	0	0
compute	10000	16	0.147693	67708	10000	0	0	0	0
compute	10000	32	0.139483	71693	10000	0	0	0	0
compute_paid	10000	0	1.389753	7196	0	0	0	0	0
compute_paid	10000	16	0.383728	26060	71	8905	0	1024	8778
compute_paid	10000	32	0.386164	25896	71	8905	0	1024	8778
tip20	10000	0	0.045686	218885	0	0	0	0	0
tip20	10000	16	0.140299	71276	10000	0	0	0	0
tip20	10000	32	0.153694	65064	10000	0	0	0	0
tip20_paid	10000	0	0.080705	123908	0	0	0	0	0
tip20_paid	10000	16	0.174348	57356	71	8905	0	1024	8778
tip20_paid	10000	32	0.223044	44834	71	8905	0	1024	8778
