distribution	variant	transactions	repeat	snapshot_seconds	drain_seconds	selected_per_second
scattered	before	10000	0	0.001513	0.001619	3192764
scattered	before	10000	1	0.000951	0.001101	4872603
scattered	before	10000	2	0.000712	0.001081	5578729
scattered	before	10000	3	0.000704	0.001075	5620699
scattered	before	10000	4	0.000704	0.001078	5613934
scattered	before	25000	0	0.004334	0.005246	2609556
scattered	before	25000	1	0.003289	0.004522	3200435
scattered	before	25000	2	0.002744	0.004193	3603919
scattered	before	25000	3	0.002657	0.004062	3720597
scattered	before	25000	4	0.002649	0.003979	3771859
scattered	before	50000	0	0.010462	0.011839	2242011
scattered	before	50000	1	0.008088	0.010426	2700685
scattered	before	50000	2	0.006940	0.010381	2886656
scattered	before	50000	3	0.006917	0.010389	2889160
scattered	before	50000	4	0.006774	0.010263	2934769
scattered	before	100000	0	0.025797	0.030967	1761666
scattered	before	100000	1	0.022940	0.027738	1973258
scattered	before	100000	2	0.021817	0.030804	1900381
scattered	before	100000	3	0.022343	0.029483	1929527
scattered	before	100000	4	0.022000	0.029042	1959169
scattered	final	10000	0	0.001420	0.001624	3285486
scattered	final	10000	1	0.000837	0.000953	5587772
scattered	final	10000	2	0.000596	0.000903	6673674
scattered	final	10000	3	0.000593	0.000900	6697453
scattered	final	10000	4	0.000584	0.000900	6741506
scattered	final	25000	0	0.003934	0.005218	2731695
scattered	final	25000	1	0.002977	0.004123	3521032
scattered	final	25000	2	0.002385	0.003633	4154080
scattered	final	25000	3	0.002270	0.003421	4392789
scattered	final	25000	4	0.002269	0.003306	4484284
scattered	final	50000	0	0.010454	0.011931	2233615
scattered	final	50000	1	0.007772	0.010479	2739626
scattered	final	50000	2	0.006796	0.010499	2890919
scattered	final	50000	3	0.006627	0.010339	2946954
scattered	final	50000	4	0.006865	0.010533	2873865
scattered	final	100000	0	0.022755	0.028060	1967908
scattered	final	100000	1	0.020611	0.024908	2196899
scattered	final	100000	2	0.020149	0.026576	2140205
scattered	final	100000	3	0.018803	0.025629	2250641
scattered	final	100000	4	0.018553	0.026901	2200049
sorted	before	10000	0	0.001554	0.001615	3156226
sorted	before	10000	1	0.001023	0.001056	4810488
sorted	before	10000	2	0.000692	0.001029	5808486
sorted	before	10000	3	0.000686	0.001038	5800013
sorted	before	10000	4	0.000688	0.001041	5781336
sorted	before	25000	0	0.003778	0.004474	3029475
sorted	before	25000	1	0.002771	0.003644	3897055
sorted	before	25000	2	0.002385	0.003374	4341119
sorted	before	25000	3	0.002308	0.003339	4427299
sorted	before	25000	4	0.002401	0.003298	4386270
sorted	before	50000	0	0.008941	0.010046	2633336
sorted	before	50000	1	0.006863	0.008359	3284579
sorted	before	50000	2	0.005739	0.008200	3587038
sorted	before	50000	3	0.005535	0.008122	3661103
sorted	before	50000	4	0.006366	0.008129	3449601
sorted	before	100000	0	0.021595	0.023396	2222621
sorted	before	100000	1	0.017374	0.019453	2715353
sorted	before	100000	2	0.016608	0.020842	2670210
sorted	before	100000	3	0.016828	0.021181	2630940
sorted	before	100000	4	0.017186	0.021021	2617335
sorted	final	10000	0	0.001105	0.001086	4562756
sorted	final	10000	1	0.000806	0.000917	5805225
sorted	final	10000	2	0.000616	0.000903	6582303
sorted	final	10000	3	0.000613	0.000907	6580870
sorted	final	10000	4	0.000613	0.000913	6554682
sorted	final	25000	0	0.002728	0.004528	3445622
sorted	final	25000	1	0.003156	0.004224	3387608
sorted	final	25000	2	0.002322	0.003653	4184193
sorted	final	25000	3	0.002064	0.003260	4695501
sorted	final	25000	4	0.002004	0.003159	4842295
sorted	final	50000	0	0.007624	0.010579	2746799
sorted	final	50000	1	0.006151	0.010267	3045462
sorted	final	50000	2	0.006156	0.009609	3171461
sorted	final	50000	3	0.005519	0.009418	3347404
sorted	final	50000	4	0.005253	0.008833	3549722
sorted	final	100000	0	0.019124	0.025302	2250914
sorted	final	100000	1	0.015437	0.021097	2737220
sorted	final	100000	2	0.014846	0.021956	2717298
sorted	final	100000	3	0.015235	0.022277	2665817
sorted	final	100000	4	0.015164	0.023574	2581418
