run	chained	workload	transactions	workers	seconds	tps	reused	conflicts	retries	backoff	bodies_reused	fees_rebased
1	0	tip20_paid	50000	0	0.426483	117238	0	0	0	0	0	0
1	0	tip20_paid	50000	16	0.418553	119459	48849	127	0	1024	0	48466
1	0	compute_paid	50000	0	6.771006	7384	0	0	0	0	0	0
1	0	compute_paid	50000	16	0.984230	50801	48849	127	0	1024	0	48466
1	0	compute_paid_chains	50000	0	6.719720	7441	0	0	0	0	0	0
1	0	compute_paid_chains	50000	16	2.341378	21355	38181	99	10696	1024	0	37798
2	1	tip20_paid	50000	0	0.432291	115663	0	0	0	0	0	0
2	1	tip20_paid	50000	16	0.410477	121810	48849	127	0	1024	0	48466
2	1	compute_paid	50000	0	6.728568	7431	0	0	0	0	0	0
2	1	compute_paid	50000	16	0.959639	52103	48849	127	0	1024	0	48466
2	1	compute_paid_chains	50000	0	6.761294	7395	0	0	0	0	0	0
2	1	compute_paid_chains	50000	16	0.968524	51625	49985	15	0	0	0	49594
3	1	tip20_paid	50000	0	0.441140	113343	0	0	0	0	0	0
3	1	tip20_paid	50000	16	0.412492	121214	48849	127	0	1024	0	48466
3	1	compute_paid	50000	0	6.737827	7421	0	0	0	0	0	0
3	1	compute_paid	50000	16	0.907427	55101	48849	127	0	1024	0	48466
3	1	compute_paid_chains	50000	0	6.840206	7310	0	0	0	0	0	0
3	1	compute_paid_chains	50000	16	0.995045	50249	49985	15	0	0	0	49594
4	0	tip20_paid	50000	0	0.435880	114710	0	0	0	0	0	0
4	0	tip20_paid	50000	16	0.430254	116210	48849	127	0	1024	0	48466
4	0	compute_paid	50000	0	6.776229	7379	0	0	0	0	0	0
4	0	compute_paid	50000	16	0.890562	56144	48849	127	0	1024	0	48466
4	0	compute_paid_chains	50000	0	6.742771	7415	0	0	0	0	0	0
4	0	compute_paid_chains	50000	16	2.315179	21597	38181	99	10696	1024	0	37798
