trial	variant	batch	workload	transactions	workers	seconds	tps	reused	conflicts	retries	backoff	bodies_reused	fees_rebased	prepare_seconds	ordered_seconds	commit_seconds
0	before	128	compute_paid_chains	50000	0	6.778552	7376	0	0	0	0	0	0	0.000007	6.761138	0.014007
0	before	128	compute_paid_chains	50000	16	0.932003	53648	49985	15	0	0	0	49594	0.096537	0.781038	0.050821
0	before	128	tip20_paid_aa	50000	0	0.472180	105892	0	0	0	0	0	0	0.000008	0.446470	0.021902
0	before	128	tip20_paid_aa	50000	16	0.343741	145458	49985	15	0	0	0	49594	0.170550	0.126476	0.040790
0	before	128	tip20_paid_aa_existing	50000	0	0.452516	110493	0	0	0	0	0	0	0.000007	0.433111	0.015904
0	before	128	tip20_paid_aa_existing	50000	16	0.476748	104877	1346	4286	0	44368	0	1302	0.019021	0.434079	0.019921
1	after	128	compute_paid_chains	50000	0	6.808851	7343	0	0	0	0	0	0	0.000007	6.791211	0.014188
1	after	128	compute_paid_chains	50000	16	0.934429	53509	49985	15	0	0	0	49594	0.091928	0.787117	0.051855
1	after	128	tip20_paid_aa	50000	0	0.465543	107401	0	0	0	0	0	0	0.000007	0.439578	0.022429
1	after	128	tip20_paid_aa	50000	16	0.420904	118792	49985	15	0	0	0	49594	0.196613	0.142525	0.072427
1	after	128	tip20_paid_aa_existing	50000	0	0.445713	112180	0	0	0	0	0	0	0.000007	0.426525	0.016168
1	after	128	tip20_paid_aa_existing	50000	16	0.469004	106609	1346	4286	0	44368	0	1302	0.019938	0.425507	0.020262
2	after	128	compute_paid_chains	50000	0	6.737059	7422	0	0	0	0	0	0	0.000007	6.719597	0.013998
2	after	128	compute_paid_chains	50000	16	0.914888	54651	49985	15	0	0	0	49594	0.094863	0.762994	0.053426
2	after	128	tip20_paid_aa	50000	0	0.461898	108249	0	0	0	0	0	0	0.000007	0.436654	0.021894
2	after	128	tip20_paid_aa	50000	16	0.397797	125692	49985	15	0	0	0	49594	0.193677	0.133169	0.062625
2	after	128	tip20_paid_aa_existing	50000	0	0.443751	112676	0	0	0	0	0	0	0.000007	0.424705	0.016021
2	after	128	tip20_paid_aa_existing	50000	16	0.466902	107089	1346	4286	0	44368	0	1302	0.019006	0.424416	0.019912
3	before	128	compute_paid_chains	50000	0	6.792407	7361	0	0	0	0	0	0	0.000007	6.775499	0.013519
3	before	128	compute_paid_chains	50000	16	0.861967	58007	49985	15	0	0	0	49594	0.093332	0.710624	0.054425
3	before	128	tip20_paid_aa	50000	0	0.476149	105009	0	0	0	0	0	0	0.000007	0.450150	0.022178
3	before	128	tip20_paid_aa	50000	16	0.375244	133247	49985	15	0	0	0	49594	0.182489	0.131424	0.053981
3	before	128	tip20_paid_aa_existing	50000	0	0.453131	110343	0	0	0	0	0	0	0.000007	0.433890	0.015784
3	before	128	tip20_paid_aa_existing	50000	16	0.481442	103855	1346	4286	0	44368	0	1302	0.019511	0.438202	0.019989
