trial	variant	workload	transactions	workers	seconds	tps	reused	conflicts	retries	backoff	bodies_reused	fees_rebased
0	before	tip20_paid_aa	50000	0	0.459347	108850	0	0	0	0	0	0
0	before	tip20_paid_aa	50000	16	0.380778	131310	49985	15	0	0	0	49594
0	before	tip20_paid_aa_existing	50000	0	0.445045	112348	0	0	0	0	0	0
0	before	tip20_paid_aa_existing	50000	16	0.466396	107205	1346	4286	0	44368	0	1302
1	after	tip20_paid_aa	50000	0	0.457459	109299	0	0	0	0	0	0
1	after	tip20_paid_aa	50000	16	0.392077	127526	49985	15	0	0	0	49594
1	after	tip20_paid_aa_existing	50000	0	0.440590	113484	0	0	0	0	0	0
1	after	tip20_paid_aa_existing	50000	16	0.463839	107796	1346	4286	0	44368	0	1302
2	after	tip20_paid_aa	50000	0	0.461553	108330	0	0	0	0	0	0
2	after	tip20_paid_aa	50000	16	0.368102	135832	49985	15	0	0	0	49594
2	after	tip20_paid_aa_existing	50000	0	0.434712	115019	0	0	0	0	0	0
2	after	tip20_paid_aa_existing	50000	16	0.458666	109012	1346	4286	0	44368	0	1302
3	before	tip20_paid_aa	50000	0	0.466138	107264	0	0	0	0	0	0
3	before	tip20_paid_aa	50000	16	0.387466	129044	49985	15	0	0	0	49594
3	before	tip20_paid_aa_existing	50000	0	0.448309	111530	0	0	0	0	0	0
3	before	tip20_paid_aa_existing	50000	16	0.473949	105496	1346	4286	0	44368	0	1302
4	before	tip20_paid_aa	50000	0	0.466968	107074	0	0	0	0	0	0
4	before	tip20_paid_aa	50000	16	0.357483	139867	49985	15	0	0	0	49594
4	before	tip20_paid_aa_existing	50000	0	0.448172	111564	0	0	0	0	0	0
4	before	tip20_paid_aa_existing	50000	16	0.469109	106585	1346	4286	0	44368	0	1302
5	after	tip20_paid_aa	50000	0	0.459366	108846	0	0	0	0	0	0
5	after	tip20_paid_aa	50000	16	0.388900	128568	49985	15	0	0	0	49594
5	after	tip20_paid_aa_existing	50000	0	0.437286	114342	0	0	0	0	0	0
5	after	tip20_paid_aa_existing	50000	16	0.464032	107751	1346	4286	0	44368	0	1302
6	after	tip20_paid_aa	50000	0	0.464609	107617	0	0	0	0	0	0
6	after	tip20_paid_aa	50000	16	0.402341	124273	49985	15	0	0	0	49594
6	after	tip20_paid_aa_existing	50000	0	0.442220	113066	0	0	0	0	0	0
6	after	tip20_paid_aa_existing	50000	16	0.467802	106883	1346	4286	0	44368	0	1302
7	before	tip20_paid_aa	50000	0	0.468746	106668	0	0	0	0	0	0
7	before	tip20_paid_aa	50000	16	0.395069	126560	49985	15	0	0	0	49594
7	before	tip20_paid_aa_existing	50000	0	0.452970	110383	0	0	0	0	0	0
7	before	tip20_paid_aa_existing	50000	16	0.472585	105801	1346	4286	0	44368	0	1302
8	before	tip20_paid_aa	50000	0	0.474063	105471	0	0	0	0	0	0
8	before	tip20_paid_aa	50000	16	0.376566	132779	49985	15	0	0	0	49594
8	before	tip20_paid_aa_existing	50000	0	0.446269	112040	0	0	0	0	0	0
8	before	tip20_paid_aa_existing	50000	16	0.471870	105961	1346	4286	0	44368	0	1302
9	after	tip20_paid_aa	50000	0	0.457717	109238	0	0	0	0	0	0
9	after	tip20_paid_aa	50000	16	0.408031	122540	49985	15	0	0	0	49594
9	after	tip20_paid_aa_existing	50000	0	0.438012	114152	0	0	0	0	0	0
9	after	tip20_paid_aa_existing	50000	16	0.464794	107574	1346	4286	0	44368	0	1302
10	after	tip20_paid_aa	50000	0	0.463286	107925	0	0	0	0	0	0
10	after	tip20_paid_aa	50000	16	0.408646	122355	49985	15	0	0	0	49594
10	after	tip20_paid_aa_existing	50000	0	0.438560	114009	0	0	0	0	0	0
10	after	tip20_paid_aa_existing	50000	16	0.461718	108291	1346	4286	0	44368	0	1302
11	before	tip20_paid_aa	50000	0	0.463304	107921	0	0	0	0	0	0
11	before	tip20_paid_aa	50000	16	0.390983	127883	49985	15	0	0	0	49594
11	before	tip20_paid_aa_existing	50000	0	0.452504	110496	0	0	0	0	0	0
11	before	tip20_paid_aa_existing	50000	16	0.473689	105555	1346	4286	0	44368	0	1302
