workload	transactions	workers	seconds	tps	reused	conflicts	retries	backoff	bodies_reused	fees_rebased
tip20_paid	10000	0	0.078725	127025	0	0	0	0	0	0
tip20_paid	10000	16	0.071965	138956	8849	127	0	1024	0	8778
tip20_paid	10000	32	0.076118	131374	8849	127	0	1024	0	8778
compute_paid	10000	0	1.302827	7676	0	0	0	0	0	0
compute_paid	10000	16	0.285072	35079	8849	127	0	1024	0	8778
compute_paid	10000	32	0.273088	36618	8849	127	0	1024	0	8778
tip20_paid	25000	0	0.209661	119240	0	0	0	0	0	0
tip20_paid	25000	16	0.192851	129633	23849	127	0	1024	0	23661
tip20_paid	25000	32	0.199643	125224	23849	127	0	1024	0	23661
compute_paid	25000	0	3.294532	7588	0	0	0	0	0	0
compute_paid	25000	16	0.497392	50262	23849	127	0	1024	0	23661
compute_paid	25000	32	0.514859	48557	23849	127	0	1024	0	23661
tip20_paid	50000	0	0.435333	114855	0	0	0	0	0	0
tip20_paid	50000	16	0.396257	126181	48849	127	0	1024	0	48466
tip20_paid	50000	32	0.419881	119081	48849	127	0	1024	0	48466
compute_paid	50000	0	6.603910	7571	0	0	0	0	0	0
compute_paid	50000	16	0.879019	56882	48849	127	0	1024	0	48466
compute_paid	50000	32	0.869337	57515	48849	127	0	1024	0	48466
tip20_paid	100000	0	0.889808	112384	0	0	0	0	0	0
tip20_paid	100000	16	0.769757	129911	98849	127	0	1024	0	98075
tip20_paid	100000	32	0.860842	116165	98849	127	0	1024	0	98075
compute_paid	100000	0	13.098887	7634	0	0	0	0	0	0
compute_paid	100000	16	1.659859	60246	98849	127	0	1024	0	98075
compute_paid	100000	32	1.664253	60087	98849	127	0	1024	0	98075
