fee_rebasing	workload	transactions	workers	seconds	tps	reused	conflicts	retries	backoff	bodies_reused	fees_rebased
0	storage	100000	0	0.204144	489850	0	0	0	0	0	0
0	storage	100000	16	0.273094	366174	100000	0	0	0	0	0
0	storage	100000	32	0.436830	228922	100000	0	0	0	0	0
0	tip20	100000	0	0.549664	181929	0	0	0	0	0	0
0	tip20	100000	16	0.621433	160918	100000	0	0	0	0	0
0	tip20	100000	32	0.660423	151418	100000	0	0	0	0	0
0	compute	100000	0	13.056744	7659	0	0	0	0	0	0
0	compute	100000	16	1.264629	79075	100000	0	0	0	0	0
0	compute	100000	32	1.194457	83720	100000	0	0	0	0	0
1	storage	100000	0	0.207497	481934	0	0	0	0	0	0
1	storage	100000	16	0.300707	332550	100000	0	0	0	0	0
1	storage	100000	32	0.429297	232939	100000	0	0	0	0	0
1	tip20	100000	0	0.553774	180579	0	0	0	0	0	0
1	tip20	100000	16	0.566617	176486	100000	0	0	0	0	0
1	tip20	100000	32	0.677388	147626	100000	0	0	0	0	0
1	compute	100000	0	13.149017	7605	0	0	0	0	0	0
1	compute	100000	16	1.231545	81199	100000	0	0	0	0	0
1	compute	100000	32	1.267567	78891	100000	0	0	0	0	0
