variant	workload	transactions	workers	seconds	tps	reused	conflicts	retries	backoff	bodies_reused	fees_rebased
on	tip20_paid	100000	0	0.886260	112834	0	0	0	0	0	0
on	tip20_paid	100000	16	0.751077	133142	98849	127	0	1024	0	98075
on	tip20_paid	100000	32	0.840576	118966	98849	127	0	1024	0	98075
on	compute_paid	100000	0	13.407707	7458	0	0	0	0	0	0
on	compute_paid	100000	16	1.664155	60091	98849	127	0	1024	0	98075
on	compute_paid	100000	32	1.626377	61486	98849	127	0	1024	0	98075
off	tip20_paid	100000	0	0.880121	113621	0	0	0	0	0	0
off	tip20_paid	100000	16	0.950701	105186	87	11049	0	88864	10	0
off	tip20_paid	100000	32	0.971355	102949	119	15113	0	84768	1072	0
off	compute_paid	100000	0	13.415439	7454	0	0	0	0	0	0
off	compute_paid	100000	16	1.970187	50757	774	98202	0	1024	98075	0
off	compute_paid	100000	32	2.098238	47659	774	98202	0	1024	98075	0
off-repeat	tip20_paid	100000	0	0.874952	114292	0	0	0	0	0	0
off-repeat	tip20_paid	100000	16	0.938834	106515	87	11049	0	88864	12	0
off-repeat	tip20_paid	100000	32	0.945305	105786	101	12827	0	87072	563	0
off-repeat	compute_paid	100000	0	13.489558	7413	0	0	0	0	0	0
off-repeat	compute_paid	100000	16	2.162415	46245	774	98202	0	1024	98075	0
off-repeat	compute_paid	100000	32	2.070414	48300	774	98202	0	1024	98075	0
on-repeat	tip20_paid	100000	0	0.872051	114672	0	0	0	0	0	0
on-repeat	tip20_paid	100000	16	0.824583	121273	98849	127	0	1024	0	98075
on-repeat	tip20_paid	100000	32	0.855027	116955	98849	127	0	1024	0	98075
on-repeat	compute_paid	100000	0	13.406007	7459	0	0	0	0	0	0
on-repeat	compute_paid	100000	16	1.626933	61465	98849	127	0	1024	0	98075
on-repeat	compute_paid	100000	32	1.601964	62423	98849	127	0	1024	0	98075
