trial	forwarding	workload	transactions	workers	seconds	tps	reused	conflicts	retries	backoff	bodies_reused	fees_rebased	prepare_seconds	ordered_seconds	commit_seconds
0	0	compute_paid_chains	50000	0	6.799157	7354	0	0	0	0	0	0	0.000007	6.781926	0.013810
0	0	compute_paid_chains	50000	16	0.891453	56088	49985	15	0	0	0	49594	0.091590	0.745152	0.051115
0	0	tip20_paid_aa	50000	0	0.458025	109164	0	0	0	0	0	0	0.000007	0.431923	0.022244
0	0	tip20_paid_aa	50000	16	0.383570	130354	49985	15	0	0	0	49594	0.184384	0.133419	0.057645
0	0	tip20_paid_aa_existing	50000	0	0.437623	114254	0	0	0	0	0	0	0.000007	0.418276	0.015811
0	0	tip20_paid_aa_existing	50000	16	0.462927	108008	1346	4286	0	44368	0	1302	0.018952	0.420372	0.019807
1	1	compute_paid_chains	50000	0	6.861293	7287	0	0	0	0	0	0	0.000007	6.843662	0.013985
1	1	compute_paid_chains	50000	16	1.004267	49788	48849	127	0	1024	0	48466	0.115614	0.836479	0.048058
1	1	tip20_paid_aa	50000	0	0.466308	107225	0	0	0	0	0	0	0.000008	0.439625	0.022792
1	1	tip20_paid_aa	50000	16	0.456330	109570	48849	127	0	1024	0	48466	0.263886	0.134172	0.051176
1	1	tip20_paid_aa_existing	50000	0	0.440765	113439	0	0	0	0	0	0	0.000007	0.420892	0.016330
1	1	tip20_paid_aa_existing	50000	16	0.444505	112485	48849	127	0	1024	0	48466	0.220097	0.146331	0.068790
2	1	compute_paid_chains	50000	0	6.828143	7323	0	0	0	0	0	0	0.000007	6.810715	0.013959
2	1	compute_paid_chains	50000	16	0.859800	58153	48849	127	0	1024	0	48466	0.120209	0.678051	0.057453
2	1	tip20_paid_aa	50000	0	0.459651	108778	0	0	0	0	0	0	0.000007	0.432964	0.022805
2	1	tip20_paid_aa	50000	16	0.497935	100415	48849	127	0	1024	0	48466	0.279273	0.144498	0.065364
2	1	tip20_paid_aa_existing	50000	0	0.442178	113077	0	0	0	0	0	0	0.000008	0.421545	0.017084
2	1	tip20_paid_aa_existing	50000	16	0.419508	119187	48849	127	0	1024	0	48466	0.218711	0.133740	0.058721
3	0	compute_paid_chains	50000	0	6.826340	7325	0	0	0	0	0	0	0.000007	6.808869	0.014000
3	0	compute_paid_chains	50000	16	0.898056	55676	49985	15	0	0	0	49594	0.092842	0.747539	0.054019
3	0	tip20_paid_aa	50000	0	0.462615	108081	0	0	0	0	0	0	0.000008	0.436853	0.021882
3	0	tip20_paid_aa	50000	16	0.400979	124695	49985	15	0	0	0	49594	0.188428	0.138553	0.065026
3	0	tip20_paid_aa_existing	50000	0	0.438989	113898	0	0	0	0	0	0	0.000007	0.419509	0.015925
3	0	tip20_paid_aa_existing	50000	16	0.465240	107471	1346	4286	0	44368	0	1302	0.019156	0.422376	0.019905
