run	paired	transactions_per_iterator	repeat	snapshot_seconds	drain_seconds	selected_per_second
1	0	10000	0	0.002417	0.002544	4031594
1	0	10000	1	0.001615	0.001950	5609774
1	0	10000	2	0.001661	0.001931	5567267
1	0	10000	3	0.002244	0.001986	4728099
1	0	10000	4	0.001655	0.001868	5675934
1	0	25000	0	0.007055	0.009192	3077390
1	0	25000	1	0.005865	0.008197	3555668
1	0	25000	2	0.006140	0.007627	3631842
1	0	25000	3	0.005860	0.007682	3692254
1	0	25000	4	0.006036	0.007757	3625115
1	0	50000	0	0.018931	0.025491	2251155
1	0	50000	1	0.016229	0.022820	2560938
1	0	50000	2	0.015488	0.021333	2715875
1	0	50000	3	0.015244	0.021278	2738077
1	0	50000	4	0.015247	0.021486	2722332
1	0	100000	0	0.046061	0.055372	1971750
1	0	100000	1	0.042463	0.054137	2070391
1	0	100000	2	0.042659	0.053765	2074174
1	0	100000	3	0.044397	0.054246	2027500
1	0	100000	4	0.042504	0.054306	2065911
2	1	10000	0	0.001949	0.002914	4112793
2	1	10000	1	0.001286	0.001967	6147362
2	1	10000	2	0.001226	0.001906	6385692
2	1	10000	3	0.001193	0.001892	6482783
2	1	10000	4	0.001189	0.001894	6486573
2	1	25000	0	0.004831	0.009587	3467979
2	1	25000	1	0.004021	0.007726	4256464
2	1	25000	2	0.004218	0.007881	4132739
2	1	25000	3	0.004261	0.007977	4085494
2	1	25000	4	0.004239	0.007850	4135705
2	1	50000	0	0.012814	0.022867	2802615
2	1	50000	1	0.009791	0.021616	3184080
2	1	50000	2	0.009837	0.021214	3220501
2	1	50000	3	0.009580	0.021015	3268543
2	1	50000	4	0.009525	0.020726	3305710
2	1	100000	0	0.029407	0.055737	2348970
2	1	100000	1	0.024626	0.049570	2695557
2	1	100000	2	0.026952	0.050573	2579830
2	1	100000	3	0.024722	0.049436	2696949
2	1	100000	4	0.024860	0.048662	2720288
3	1	10000	0	0.002079	0.002674	4208542
3	1	10000	1	0.001253	0.001880	6385527
3	1	10000	2	0.001172	0.001885	6542096
3	1	10000	3	0.001158	0.001899	6542375
3	1	10000	4	0.001160	0.001897	6541519
3	1	25000	0	0.004666	0.010081	3390534
3	1	25000	1	0.004177	0.007708	4206892
3	1	25000	2	0.004181	0.007415	4311973
3	1	25000	3	0.004156	0.007462	4303580
3	1	25000	4	0.004154	0.007053	4461362
3	1	50000	0	0.011297	0.022178	2987269
3	1	50000	1	0.009624	0.021461	3217008
3	1	50000	2	0.009776	0.021050	3243934
3	1	50000	3	0.009910	0.020774	3259054
3	1	50000	4	0.009933	0.020873	3246214
3	1	100000	0	0.029324	0.051388	2477935
3	1	100000	1	0.024470	0.049190	2715196
3	1	100000	2	0.024540	0.048854	2725038
3	1	100000	3	0.024566	0.048792	2726343
3	1	100000	4	0.025446	0.050305	2640230
4	0	10000	0	0.002231	0.002428	4293057
4	0	10000	1	0.001630	0.001961	5569008
4	0	10000	2	0.001680	0.001930	5539321
4	0	10000	3	0.001674	0.001939	5535819
4	0	10000	4	0.001684	0.001921	5546893
4	0	25000	0	0.006813	0.009566	3052608
4	0	25000	1	0.006031	0.008485	3444406
4	0	25000	2	0.006147	0.007686	3614683
4	0	25000	3	0.006039	0.008102	3535884
4	0	25000	4	0.006369	0.007520	3599983
4	0	50000	0	0.019314	0.024410	2287087
4	0	50000	1	0.016286	0.022877	2553460
4	0	50000	2	0.015814	0.021849	2655146
4	0	50000	3	0.016368	0.021543	2637760
4	0	50000	4	0.015313	0.021890	2687992
4	0	100000	0	0.045060	0.053627	2026611
4	0	100000	1	0.040549	0.053102	2135580
4	0	100000	2	0.041320	0.052543	2130763
4	0	100000	3	0.041535	0.052282	2131809
4	0	100000	4	0.043098	0.057431	1989476
