index	workload	transactions	repeat	snapshot_seconds	drain_seconds	selected_per_second
tree	sorted	10000	0	0.001745	0.001775	2840774
tree	sorted	10000	1	0.001032	0.001184	4511453
tree	sorted	10000	2	0.000807	0.001125	5176125
tree	sorted	10000	3	0.000800	0.001127	5187914
tree	sorted	10000	4	0.000805	0.001131	5164585
tree	sorted	25000	0	0.004335	0.004809	2734095
tree	sorted	25000	1	0.002892	0.004111	3569508
tree	sorted	25000	2	0.002500	0.003743	4004531
tree	sorted	25000	3	0.002480	0.003583	4123364
tree	sorted	25000	4	0.002473	0.003523	4169568
tree	sorted	50000	0	0.009380	0.010299	2540767
tree	sorted	50000	1	0.007243	0.009501	2986275
tree	sorted	50000	2	0.006395	0.009215	3202966
tree	sorted	50000	3	0.005951	0.009203	3299360
tree	sorted	50000	4	0.006288	0.009396	3187987
tree	sorted	100000	0	0.019656	0.022182	2390170
tree	sorted	100000	1	0.016482	0.020032	2738642
tree	sorted	100000	2	0.014567	0.020005	2892498
tree	sorted	100000	3	0.014367	0.020438	2873136
tree	sorted	100000	4	0.015063	0.020465	2814697
hash	sorted	10000	0	0.001331	0.001602	3408982
hash	sorted	10000	1	0.000950	0.001085	4913013
hash	sorted	10000	2	0.000712	0.001070	5611786
hash	sorted	10000	3	0.000695	0.001064	5684428
hash	sorted	10000	4	0.000695	0.001065	5682974
hash	sorted	25000	0	0.003942	0.005319	2699419
hash	sorted	25000	1	0.002719	0.004056	3690296
hash	sorted	25000	2	0.002233	0.003578	4302388
hash	sorted	25000	3	0.002126	0.003414	4512629
hash	sorted	25000	4	0.002181	0.003301	4560339
hash	sorted	50000	0	0.008758	0.011554	2461647
hash	sorted	50000	1	0.006534	0.010157	2995638
hash	sorted	50000	2	0.005567	0.009822	3249020
hash	sorted	50000	3	0.005467	0.009607	3317031
hash	sorted	50000	4	0.005381	0.009407	3381050
hash	sorted	100000	0	0.023325	0.028634	1924580
hash	sorted	100000	1	0.019976	0.024387	2254123
hash	sorted	100000	2	0.019074	0.024836	2277402
hash	sorted	100000	3	0.018214	0.024899	2319487
hash	sorted	100000	4	0.018226	0.024088	2363304
tree	scattered	10000	0	0.001691	0.002906	2175361
tree	scattered	10000	1	0.000928	0.002297	3100474
tree	scattered	10000	2	0.000825	0.002272	3229566
tree	scattered	10000	3	0.000827	0.002277	3221550
tree	scattered	10000	4	0.000821	0.002271	3234799
tree	scattered	25000	0	0.004361	0.009423	1813639
tree	scattered	25000	1	0.003004	0.008450	2182633
tree	scattered	25000	2	0.002622	0.008010	2351300
tree	scattered	25000	3	0.002611	0.007857	2388216
tree	scattered	25000	4	0.002607	0.007798	2402754
tree	scattered	50000	0	0.009109	0.020332	1698337
tree	scattered	50000	1	0.007274	0.019831	1844676
tree	scattered	50000	2	0.006288	0.019700	1923904
tree	scattered	50000	3	0.006283	0.019647	1928278
tree	scattered	50000	4	0.006186	0.019554	1942510
tree	scattered	100000	0	0.023999	0.046565	1417155
tree	scattered	100000	1	0.017339	0.044088	1627948
tree	scattered	100000	2	0.016209	0.043605	1671852
tree	scattered	100000	3	0.017176	0.043068	1659918
tree	scattered	100000	4	0.016784	0.048242	1537863
hash	scattered	10000	0	0.001490	0.001768	3069582
hash	scattered	10000	1	0.000952	0.001118	4830577
hash	scattered	10000	2	0.000720	0.001085	5538942
hash	scattered	10000	3	0.000710	0.001079	5589159
hash	scattered	10000	4	0.000708	0.001079	5598562
hash	scattered	25000	0	0.004409	0.005603	2496998
hash	scattered	25000	1	0.003169	0.004697	3178242
hash	scattered	25000	2	0.002639	0.004330	3587088
hash	scattered	25000	3	0.002600	0.004152	3702413
hash	scattered	25000	4	0.002626	0.004144	3693250
hash	scattered	50000	0	0.012806	0.013616	1892369
hash	scattered	50000	1	0.008924	0.013100	2270215
hash	scattered	50000	2	0.008374	0.012275	2421440
hash	scattered	50000	3	0.008190	0.013828	2270852
hash	scattered	50000	4	0.009850	0.013063	2182112
hash	scattered	100000	0	0.025476	0.030854	1775241
hash	scattered	100000	1	0.022685	0.027898	1976966
hash	scattered	100000	2	0.020663	0.027799	2063478
hash	scattered	100000	3	0.020306	0.027831	2077410
hash	scattered	100000	4	0.020346	0.027809	2076619
