variant	run	workload	transactions	workers	seconds	tps	reused	conflicts	retries	backoff	bodies_reused	batch	prepare_seconds	ordered_seconds	commit_seconds
baseline	1	storage	100000	0	0.207985	480804	0	0	0	0	0	128	0.000015	0.181239	0.020644
baseline	1	storage	100000	16	0.369506	270631	100000	0	0	0	0	128	0.284810	0.041647	0.037766
baseline	1	storage	100000	32	0.592674	168727	100000	0	0	0	0	128	0.474558	0.049864	0.062967
baseline	1	compute	100000	0	12.619991	7924	0	0	0	0	0	128	0.000015	12.596504	0.017370
baseline	1	compute	100000	16	1.358411	73615	100000	0	0	0	0	128	1.245317	0.055034	0.052455
baseline	1	compute	100000	32	1.355902	73752	100000	0	0	0	0	128	1.222871	0.065067	0.062026
baseline	1	compute_paid	100000	0	13.058252	7658	0	0	0	0	0	128	0.000015	13.021375	0.030454
baseline	1	compute_paid	100000	16	2.773894	36050	774	98202	0	1024	98075	128	1.684568	1.025174	0.057642
baseline	1	compute_paid	100000	32	2.760824	36221	774	98202	0	1024	98075	128	1.588078	1.100144	0.066004
baseline	1	tip20	100000	0	0.571187	175074	0	0	0	0	0	128	0.000015	0.524862	0.039731
baseline	1	tip20	100000	16	1.137118	87942	100000	0	0	0	0	128	0.964122	0.102309	0.054426
baseline	1	tip20	100000	32	1.304174	76677	100000	0	0	0	0	128	1.117281	0.104660	0.064675
baseline	1	tip20_paid	100000	0	0.891692	112146	0	0	0	0	0	128	0.000015	0.841696	0.042882
baseline	1	tip20_paid	100000	16	1.030706	97021	87	11049	0	88864	1	128	0.143207	0.835677	0.044751
baseline	1	tip20_paid	100000	32	1.064433	93947	87	11049	0	88864	1	128	0.170100	0.842392	0.044874
baseline	2	storage	100000	0	0.210640	474744	0	0	0	0	0	128	0.000015	0.183736	0.021106
baseline	2	storage	100000	16	0.512692	195049	100000	0	0	0	0	128	0.404715	0.046268	0.056464
baseline	2	storage	100000	32	0.605924	165037	100000	0	0	0	0	128	0.484433	0.051929	0.064300
baseline	2	compute	100000	0	13.182374	7586	0	0	0	0	0	128	0.000015	13.159674	0.017581
baseline	2	compute	100000	16	1.566934	63819	100000	0	0	0	0	128	1.464084	0.052312	0.044953
baseline	2	compute	100000	32	1.360291	73514	100000	0	0	0	0	128	1.228888	0.063758	0.061826
baseline	2	compute_paid	100000	0	13.674614	7313	0	0	0	0	0	128	0.000015	13.637863	0.031629
baseline	2	compute_paid	100000	16	2.721479	36745	774	98202	0	1024	98075	128	1.578319	1.070713	0.067088
baseline	2	compute_paid	100000	32	2.813358	35545	774	98202	0	1024	98075	128	1.645428	1.094696	0.067707
baseline	2	tip20	100000	0	0.567236	176294	0	0	0	0	0	128	0.000015	0.521019	0.040049
baseline	2	tip20	100000	16	1.152150	86794	100000	0	0	0	0	128	0.977526	0.103109	0.055360
baseline	2	tip20	100000	32	1.103857	90591	100000	0	0	0	0	128	0.937294	0.099779	0.052144
baseline	2	tip20_paid	100000	0	0.882481	113317	0	0	0	0	0	128	0.000015	0.832063	0.044261
baseline	2	tip20_paid	100000	16	1.008719	99136	87	11049	0	88864	4	128	0.128326	0.829481	0.044735
baseline	2	tip20_paid	100000	32	1.052351	95025	87	11049	0	88864	3	128	0.166408	0.835538	0.044228
fee_hints	1	storage	100000	0	0.213238	468959	0	0	0	0	0	128	0.000015	0.185754	0.020948
fee_hints	1	storage	100000	16	0.371987	268827	100000	0	0	0	0	128	0.271633	0.045608	0.049533
fee_hints	1	storage	100000	32	0.424163	235758	100000	0	0	0	0	128	0.308955	0.049771	0.060181
fee_hints	1	compute	100000	0	12.670831	7892	0	0	0	0	0	128	0.000015	12.647309	0.018092
fee_hints	1	compute	100000	16	1.279193	78174	100000	0	0	0	0	128	1.169472	0.053572	0.050725
fee_hints	1	compute	100000	32	1.251340	79914	100000	0	0	0	0	128	1.127459	0.063043	0.054962
fee_hints	1	compute_paid	100000	0	13.215728	7567	0	0	0	0	0	128	0.000015	13.177727	0.031627
fee_hints	1	compute_paid	100000	16	2.679429	37321	774	98202	0	1024	98075	128	1.654864	0.971027	0.047064
fee_hints	1	compute_paid	100000	32	2.551915	39186	774	98202	0	1024	98075	128	1.422531	1.065839	0.056914
fee_hints	1	tip20	100000	0	0.571887	174860	0	0	0	0	0	128	0.000015	0.526115	0.039458
fee_hints	1	tip20	100000	16	0.953083	104923	100000	0	0	0	0	128	0.785319	0.105901	0.047350
fee_hints	1	tip20	100000	32	1.356948	73695	100000	0	0	0	0	128	1.143811	0.121221	0.072022
fee_hints	1	tip20_paid	100000	0	0.891565	112162	0	0	0	0	0	128	0.000015	0.841292	0.044027
fee_hints	1	tip20_paid	100000	16	1.013121	98705	87	11049	0	88864	19	128	0.118386	0.843922	0.044611
fee_hints	1	tip20_paid	100000	32	1.024456	97613	87	11049	0	88864	12	128	0.119333	0.853787	0.045094
fee_hints	2	storage	100000	0	0.207432	482085	0	0	0	0	0	128	0.000015	0.180631	0.021075
fee_hints	2	storage	100000	16	0.373404	267806	100000	0	0	0	0	128	0.271967	0.046111	0.049955
fee_hints	2	storage	100000	32	0.418126	239162	100000	0	0	0	0	128	0.304451	0.048447	0.059887
fee_hints	2	compute	100000	0	12.699205	7875	0	0	0	0	0	128	0.000015	12.676011	0.017981
fee_hints	2	compute	100000	16	1.289542	77547	100000	0	0	0	0	128	1.178596	0.053831	0.051049
fee_hints	2	compute	100000	32	1.259975	79367	100000	0	0	0	0	128	1.135312	0.063764	0.054538
fee_hints	2	compute_paid	100000	0	13.201764	7575	0	0	0	0	0	128	0.000015	13.159351	0.036494
fee_hints	2	compute_paid	100000	16	2.559171	39075	774	98202	0	1024	98075	128	1.517696	0.980556	0.054908
fee_hints	2	compute_paid	100000	32	2.530039	39525	774	98202	0	1024	98075	128	1.400715	1.060936	0.062266
fee_hints	2	tip20	100000	0	0.577596	173131	0	0	0	0	0	128	0.000015	0.526804	0.044615
fee_hints	2	tip20	100000	16	1.123687	88993	100000	0	0	0	0	128	0.939258	0.108071	0.058950
fee_hints	2	tip20	100000	32	1.318736	75830	100000	0	0	0	0	128	1.116017	0.116296	0.067300
fee_hints	2	tip20_paid	100000	0	0.907001	110254	0	0	0	0	0	128	0.000015	0.847799	0.052869
fee_hints	2	tip20_paid	100000	16	1.015363	98487	87	11049	0	88864	18	128	0.113767	0.842309	0.052870
fee_hints	2	tip20_paid	100000	32	1.021728	97873	87	11049	0	88864	15	128	0.117989	0.845111	0.052206
transfer_hints	1	tip20	100000	0	0.572514	174668	0	0	0	0	0	128	0.000016	0.527596	0.038353
transfer_hints	1	tip20	100000	16	0.653714	152972	100000	0	0	0	0	128	0.469448	0.106906	0.059590
transfer_hints	1	tip20	100000	32	0.688679	145205	100000	0	0	0	0	128	0.494628	0.107163	0.067933
transfer_hints	1	tip20_paid	100000	0	0.887403	112688	0	0	0	0	0	128	0.000015	0.836361	0.044010
transfer_hints	1	tip20_paid	100000	16	0.972607	102816	87	11049	0	88864	6	128	0.086205	0.834214	0.045396
transfer_hints	1	tip20_paid	100000	32	0.977778	102273	98	12446	0	87456	441	128	0.092288	0.834311	0.044429
transfer_hints	2	tip20	100000	0	0.560380	178450	0	0	0	0	0	128	0.000015	0.515918	0.038015
transfer_hints	2	tip20	100000	16	0.636473	157116	100000	0	0	0	0	128	0.468396	0.103130	0.049739
transfer_hints	2	tip20	100000	32	0.697756	143317	100000	0	0	0	0	128	0.500156	0.111345	0.067419
transfer_hints	2	tip20_paid	100000	0	0.889396	112436	0	0	0	0	0	128	0.000015	0.839576	0.043141
transfer_hints	2	tip20_paid	100000	16	0.976743	102381	87	11049	0	88864	4	128	0.088157	0.836846	0.045122
transfer_hints	2	tip20_paid	100000	32	0.980650	101973	105	13335	0	86560	719	128	0.100155	0.830332	0.043366
final	1	storage	10000	0	0.020512	487526	0	0	0	0	0	128	0.000002	0.017770	0.002122
final	1	storage	10000	16	0.032150	311044	10000	0	0	0	0	128	0.023246	0.004111	0.004290
final	1	storage	10000	32	0.035226	283880	10000	0	0	0	0	128	0.025887	0.004280	0.004545
final	1	compute	10000	0	1.247571	8016	0	0	0	0	0	128	0.000002	1.245263	0.001747
final	1	compute	10000	16	0.134459	74372	10000	0	0	0	0	128	0.124530	0.004921	0.004489
final	1	compute	10000	32	0.114754	87143	10000	0	0	0	0	128	0.103425	0.005560	0.005234
final	1	compute_paid	10000	0	1.301773	7682	0	0	0	0	0	128	0.000002	1.298008	0.003133
final	1	compute_paid	10000	16	0.374704	26688	71	8905	0	1024	8778	128	0.147828	0.221354	0.004867
final	1	compute_paid	10000	32	0.361263	27681	71	8905	0	1024	8778	128	0.131213	0.224514	0.004881
final	1	tip20	10000	0	0.051091	195728	0	0	0	0	0	128	0.000002	0.046956	0.003484
final	1	tip20	10000	16	0.059174	168994	10000	0	0	0	0	128	0.041084	0.009362	0.006862
final	1	tip20	10000	32	0.062565	159833	10000	0	0	0	0	128	0.043653	0.010129	0.006968
final	1	tip20_paid	10000	0	0.076869	130092	0	0	0	0	0	128	0.000002	0.073088	0.003128
final	1	tip20_paid	10000	16	0.086288	115891	9	1143	0	8848	0	128	0.007124	0.074282	0.004222
final	1	tip20_paid	10000	32	0.086148	116079	9	1143	0	8848	0	128	0.007096	0.075118	0.003253
final	1	storage	25000	0	0.048866	511608	0	0	0	0	0	128	0.000004	0.042699	0.004797
final	1	storage	25000	16	0.085244	293275	25000	0	0	0	0	128	0.061946	0.010641	0.011362
final	1	storage	25000	32	0.082280	303840	25000	0	0	0	0	128	0.059458	0.010979	0.010517
final	1	compute	25000	0	3.168549	7890	0	0	0	0	0	128	0.000004	3.162636	0.004501
final	1	compute	25000	16	0.324518	77037	25000	0	0	0	0	128	0.298455	0.012719	0.012001
final	1	compute	25000	32	0.298178	83842	25000	0	0	0	0	128	0.268233	0.014731	0.013822
final	1	compute_paid	25000	0	3.287509	7605	0	0	0	0	0	128	0.000004	3.278289	0.007664
final	1	compute_paid	25000	16	0.726407	34416	188	23788	0	1024	23661	128	0.368723	0.344087	0.011963
final	1	compute_paid	25000	32	0.723749	34542	188	23788	0	1024	23661	128	0.349016	0.359260	0.013812
final	1	tip20	25000	0	0.128714	194229	0	0	0	0	0	128	0.000004	0.119821	0.007272
final	1	tip20	25000	16	0.151056	165502	25000	0	0	0	0	128	0.105790	0.024222	0.016497
final	1	tip20	25000	32	0.160325	155934	25000	0	0	0	0	128	0.113452	0.026065	0.016414
final	1	tip20_paid	25000	0	0.207276	120612	0	0	0	0	0	128	0.000004	0.196236	0.009359
final	1	tip20_paid	25000	16	0.227932	109682	22	2794	0	22184	0	128	0.020336	0.197609	0.008294
final	1	tip20_paid	25000	32	0.234612	106559	22	2794	0	22184	44	128	0.020016	0.204134	0.008769
final	1	storage	50000	0	0.099600	502007	0	0	0	0	0	128	0.000007	0.087004	0.009796
final	1	storage	50000	16	0.157353	317757	50000	0	0	0	0	128	0.113514	0.020679	0.020584
final	1	storage	50000	32	0.207412	241066	50000	0	0	0	0	128	0.150818	0.023753	0.030218
final	1	compute	50000	0	6.363789	7857	0	0	0	0	0	128	0.000008	6.351996	0.009008
final	1	compute	50000	16	0.634441	78810	50000	0	0	0	0	128	0.579769	0.026164	0.025823
final	1	compute	50000	32	0.617988	80908	50000	0	0	0	0	128	0.556347	0.030762	0.028022
final	1	compute_paid	50000	0	6.534758	7651	0	0	0	0	0	128	0.000008	6.515773	0.015941
final	1	compute_paid	50000	16	1.378580	36269	383	48593	0	1024	48466	128	0.801892	0.549135	0.024252
final	1	compute_paid	50000	32	1.334011	37481	383	48593	0	1024	48466	128	0.710890	0.590275	0.029478
final	1	tip20	50000	0	0.278188	179734	0	0	0	0	0	128	0.000008	0.256756	0.018148
final	1	tip20	50000	16	0.327422	152708	50000	0	0	0	0	128	0.233136	0.052172	0.032978
final	1	tip20	50000	32	0.342698	145901	50000	0	0	0	0	128	0.244833	0.052961	0.035457
final	1	tip20_paid	50000	0	0.447514	111728	0	0	0	0	0	128	0.000008	0.422243	0.021871
final	1	tip20_paid	50000	16	0.482263	103678	44	5588	0	44368	5	128	0.042988	0.414886	0.020989
final	1	tip20_paid	50000	32	0.479778	104215	48	6096	0	43856	235	128	0.044969	0.409863	0.021583
final	1	storage	100000	0	0.204144	489851	0	0	0	0	0	128	0.000015	0.179265	0.019312
final	1	storage	100000	16	0.281826	354829	100000	0	0	0	0	128	0.202398	0.039779	0.034460
final	1	storage	100000	32	0.427603	233862	100000	0	0	0	0	128	0.311005	0.048375	0.062953
final	1	compute	100000	0	12.605372	7933	0	0	0	0	0	128	0.000016	12.581661	0.018189
final	1	compute	100000	16	1.317269	75915	100000	0	0	0	0	128	1.207050	0.053122	0.051524
final	1	compute	100000	32	1.260446	79337	100000	0	0	0	0	128	1.137291	0.061664	0.055550
final	1	compute_paid	100000	0	13.036186	7671	0	0	0	0	0	128	0.000015	12.999664	0.030334
final	1	compute_paid	100000	16	2.700771	37026	774	98202	0	1024	98075	128	1.691488	0.955195	0.047430
final	1	compute_paid	100000	32	2.581834	38732	774	98202	0	1024	98075	128	1.469384	1.049070	0.056561
final	1	tip20	100000	0	0.572094	174796	0	0	0	0	0	128	0.000015	0.527109	0.038378
final	1	tip20	100000	16	0.623577	160365	100000	0	0	0	0	128	0.458029	0.100627	0.050073
final	1	tip20	100000	32	0.692823	144337	100000	0	0	0	0	128	0.494455	0.109606	0.069844
final	1	tip20_paid	100000	0	0.888308	112574	0	0	0	0	0	128	0.000015	0.839257	0.042439
final	1	tip20_paid	100000	16	0.969350	103162	87	11049	0	88864	17	128	0.085744	0.833458	0.043479
final	1	tip20_paid	100000	32	0.980672	101971	105	13335	0	86560	646	128	0.098462	0.833564	0.041904
