block	transactions	gas_used	sequential_seconds	speculative_seconds	state_root
6	382	108804210	0.006053857	0.018484316	0x27e72d39857f99f6ef739a056b1550e3bb91ee4a067608324e4173d105b91a09
7	1010	288208994	0.011127915	0.044581913	0x49a8ce22b55034b5b48a5560fefa5ce5acf6288024fd3d8d285c2b8a84839bc7
8	1000	285373230	0.010833784	0.043945109	0x3c696b06c503f02d1e4a725e6356d70dd10bdcce4f51a4423dc29a34539809d0
9	999	285076384	0.010631394	0.044174378	0xc23dee888012fa29ceea753a828af1cfebb5aad5339e3bf67f9a44dc003e13b4
10	1002	285901390	0.011786702	0.045146362	0xb3dafb3dfe5809a761ffe773e35b09ef479187531765159641fa7788aba94286
11	995	283890608	0.010575749	0.043952902	0xa954edc30758f832294a7dc94cb5e6cd1ee8bcb35ae274adff416be8ae80f0d5
12	1008	287572630	0.010619271	0.045834653	0xe1063f21f1aaf9256d745a64ea2fb588cc9ca3503790b4df8ff0a5a8949f0e18
13	1004	286537598	0.010704611	0.044742745	0x873861b0c2f0ef08d0ffd0347c148bf9b5eb3298bf25daa4f95e2b3faedc4abb
14	998	284790806	0.010598452	0.043641298	0x47dc8972243b4c18a6e274af5242411c4f9250a3dc263ddaa38276d49c3e6ab6
15	1000	285383862	0.010513943	0.043658050	0x19fc9694fd51cc32589d5d9d1f0209e8c19dd76f510480113d884c0dc8494d45
16	1006	287055246	0.010960501	0.045612556	0xfd71e9ad559b8c0aa4aaf5e0f6d9db2ec03d7fdfe150f794fae56269b42e900d
17	997	284526816	0.010493936	0.043308844	0x99a035b3ea9123165bd111be601bf9ae81d721a53ce798281f94a4cd37853217
18	996	284262550	0.010509044	0.044538952	0x086efe5dbf6d0886439f62af23e034232e627ea1fcf99ab89845697a9a271a07
19	1004	286472870	0.010989976	0.043482681	0x5e5b892672eba62842164ad741c5568ee2109fcd558c8695dea3dcdbeb53a5ff
20	1007	287319380	0.010649297	0.045869759	0xb57c6c54daf0648c94bf15bee17209f44628cf5d8010a08a1be9c886662d2b72
21	997	284516088	0.010644458	0.044263767	0xfb15a28dd4a0c8fa04fdd16fe009d3423ec9d98893f4e83b66d72a248e6fc605
22	1003	286208760	0.010907492	0.046037504	0x21191538b7b732c2bfb9ab8d9c7b605a87aec89f8124ec037b669ed92d8a5704
23	998	284769290	0.010863319	0.045507599	0xd2f6e635b594e69aa542f962be5f17b752ab14f3d5243b268f04cf6d5bbb7471
24	1001	285658808	0.010656861	0.043706550	0xccc2d4d5059b5052ea9e3200d37eb61b4c8c99a1d48623abfe914f1a2008ac5c
25	1003	286176324	0.012185890	0.043657498	0x95cfe325be1c3d8412e23e326853f07537214d97448ea44b677357fa8fbd5583
26	999	285119668	0.010601117	0.043294979	0x26a74319caa18b34fa8fd75b5c8952980e5226e760a471e28c5f3f7bc8065d34
27	1004	286526882	0.010950202	0.045082342	0x9de5858320b951c661ef706b0935c3bc82a8dd53693d8ebe67c29ae177d4fca1
28	1002	285944542	0.010757210	0.043986646	0x2f4c91cc519f515681f869cbe406edbd522262b1dac3c8211b5ebd718b4d7ca8
29	1000	285340830	0.010725881	0.044412876	0xbaba13331764cfeb8c47962119d1ca66f4ab4897c990c1d68962341d8d0fb933
30	998	284790950	0.010757931	0.045676156	0x7ec94c42b8809a469480af252012e9d09ce02ba44305a25a5382cf76e5e1d350
31	1002	285890566	0.010764845	0.043982218	0xcd9ce5cffd0626cb0ac25221c0790c941783c15cc9fee67e34dc6b4a0de8fbf6
32	1003	286176588	0.010915878	0.044248628	0x553d62568fb617625427b1cfe5ddcee80603001a5844bfd7cda06be1218748f1
33	1000	285265146	0.010777337	0.043126393	0x8e384a21e3fca22afb4b764168b424ae54055c3492b97180efe422979974d30b
34	998	284834210	0.010692538	0.043039340	0x7d8607f0df2611950caacd06bd3f8e7b7a49debd41506e0c938ce6aae2915795
35	1003	286187136	0.010738926	0.043020214	0x14fe1820bcdbeb0ebeb885b9ca397c033969ed05d1d10c4409468492971c6b72
36	999	285065812	0.010732314	0.042561192	0x135c367cf5277644ac981bff9aafd84115a1df769bd540c1a4124800bb3a0e78
37	1000	285319026	0.010683060	0.046555947	0xf2a30ddd975561219bf903aece50e71caf873d8f946278182a05ce7e5d70417b
38	1001	285691304	0.010934462	0.042592260	0x593cd190948af254a5413bab86d3b0065781f787e71c21891529ee808abc5543
39	1006	287055258	0.010824175	0.042018725	0x067ce556a3836d1303c879639767b1fe0a923db448d5ec67095dba7d05d75dfd
40	999	285055036	0.010627226	0.041628853	0x446fb1766c4c705f82ed44101adb1a4673a6292b1c1af3ba9540b652462cc4a0
41	1002	285901582	0.010594585	0.042288862	0x4d87ec2a6889f7ca29b846c5131ed60e346e4bfd91782f3f45a2bc519b4a9cda
42	1000	285362298	0.010924825	0.042162033	0x9bcf441921c5bcbb61bd3b35ed01e7ef93c9e90974b7acdf5a0817150210cfbf
43	1006	287087478	0.010950994	0.042242304	0x8a8dffb0a16f972d159c4d861cd7733de6abe52438bcd1179a486b4dcd1ff24e
44	1000	285329982	0.010660849	0.042319689	0x7692602d033d5257e48e49075d079e2f0262db2f6ec2b7de8234f1ef43ca5ea2
45	997	284461932	0.010589896	0.043764600	0xe7aa5a21886491f785a6528f8ae60e44f207ee55426797cf1d7369e5e6e9112a
46	1004	286505282	0.010787407	0.041992916	0xaa436279a653af66aeceb6b8210e65f2b4bb3209bb6f6955bff73f1cf1882467
47	995	283944356	0.010499847	0.041321637	0x1e45bf1fd3d85910826f9124bcb57b82f715961892363031be2abe9dc266a427
48	1001	285658928	0.010601408	0.041459015	0x6da800aee9815728d413fbcfb2ec26862d65cd137632805ff249e7a32bb117b9
49	1007	287340824	0.010684974	0.041540017	0x0bcd76f62a0f07a5273941c02640bae9f90a0c03020221ff1e949ee662b21200
50	998	284834126	0.010791604	0.041904170	0x20893866fa297f28f155574c06791320cd01683baa992475e13ae0c04cb9d43b
51	993	283307920	0.010675717	0.041771290	0xd9c6dca669400ffdd5e7d280f439e6f6d0ec1dbfe9bcf7aa3689120156e2bead
52	1026	292759414	0.010897663	0.042396444	0xf050b70228877726395d523a6f2757916876122a9ee2be8e4729271e32b1827e
53	982	280208250	0.010416310	0.040914394	0x8cd91002c7fb0f8b9c02987869188469570308bcbad43bf988bc1007f1263e5a
54	1005	286823404	0.010877816	0.044242717	0x05b03ccca88b94e0f0ebba7bbfb1e0aacadc446cd63249a59830f071bfcc0cca
55	1000	285394734	0.010641733	0.041014351	0x717f1c23cc61324e4dba4514fbd59d96e8b2d8bfe268b19abe852c8c41bcdf2b
56	611	174218336	0.006768297	0.025265777	0xa10e31fdf612a41df7aa55154894488891aba1c209b16f7bbd71fcbeab011c7b
57	1	0	0.000025948	0.000009137	0xa10e31fdf612a41df7aa55154894488891aba1c209b16f7bbd71fcbeab011c7b
58	1	0	0.000011181	0.000008316	0xa10e31fdf612a41df7aa55154894488891aba1c209b16f7bbd71fcbeab011c7b
59	1	0	0.000008957	0.000008115	0xa10e31fdf612a41df7aa55154894488891aba1c209b16f7bbd71fcbeab011c7b
60	1	0	0.000009347	0.000007975	0xa10e31fdf612a41df7aa55154894488891aba1c209b16f7bbd71fcbeab011c7b
61	1	0	0.000008757	0.000008315	0xa10e31fdf612a41df7aa55154894488891aba1c209b16f7bbd71fcbeab011c7b
62	1	0	0.000008406	0.000008686	0xa10e31fdf612a41df7aa55154894488891aba1c209b16f7bbd71fcbeab011c7b
63	1	0	0.000008576	0.000008035	0xa10e31fdf612a41df7aa55154894488891aba1c209b16f7bbd71fcbeab011c7b
64	1	0	0.000008445	0.000008185	0xa10e31fdf612a41df7aa55154894488891aba1c209b16f7bbd71fcbeab011c7b
65	1	0	0.000008786	0.000008116	0xa10e31fdf612a41df7aa55154894488891aba1c209b16f7bbd71fcbeab011c7b
66	1	0	0.000008736	0.000008015	0xa10e31fdf612a41df7aa55154894488891aba1c209b16f7bbd71fcbeab011c7b
67	1	0	0.000008276	0.000008115	0xa10e31fdf612a41df7aa55154894488891aba1c209b16f7bbd71fcbeab011c7b
68	1	0	0.000008346	0.000007965	0xa10e31fdf612a41df7aa55154894488891aba1c209b16f7bbd71fcbeab011c7b
69	1	0	0.000008405	0.000007875	0xa10e31fdf612a41df7aa55154894488891aba1c209b16f7bbd71fcbeab011c7b
70	1	0	0.000008246	0.000007985	0xa10e31fdf612a41df7aa55154894488891aba1c209b16f7bbd71fcbeab011c7b
