payload_limits	trial	transactions	repeat	snapshot_seconds	drain_seconds	selected_per_second
0	0	10000	0	0.001834	0.002666	4444306
0	0	10000	1	0.001355	0.001965	6023108
0	0	10000	2	0.001219	0.002010	6194919
0	0	10000	3	0.001202	0.001935	6374805
0	0	10000	4	0.001192	0.001927	6412589
0	0	25000	0	0.006367	0.011152	2854053
0	0	25000	1	0.004658	0.009770	3465394
0	0	25000	2	0.004567	0.008018	3973145
0	0	25000	3	0.004344	0.006939	4431459
0	0	25000	4	0.004268	0.006758	4534727
0	0	50000	0	0.012180	0.023262	2821554
0	0	50000	1	0.010175	0.022341	3075427
0	0	50000	2	0.009911	0.021432	3190504
0	0	50000	3	0.009880	0.021167	3220951
0	0	50000	4	0.012861	0.021641	2898384
0	0	100000	0	0.029468	0.054870	2371427
0	0	100000	1	0.028051	0.047807	2636517
0	0	100000	2	0.020058	0.040418	3307062
0	0	100000	3	0.027535	0.054290	2444220
0	0	100000	4	0.028146	0.053318	2455067
1	1	10000	0	0.001951	0.002522	4470403
1	1	10000	1	0.001268	0.001976	6164787
1	1	10000	2	0.001260	0.001950	6230885
1	1	10000	3	0.001246	0.001938	6282419
1	1	10000	4	0.001235	0.001941	6298076
1	1	25000	0	0.005672	0.009566	3281208
1	1	25000	1	0.004668	0.007856	3992352
1	1	25000	2	0.005143	0.008238	3736568
1	1	25000	3	0.004832	0.008140	3854564
1	1	25000	4	0.004930	0.007674	3966917
1	1	50000	0	0.014444	0.022342	2718391
1	1	50000	1	0.012488	0.021534	2939248
1	1	50000	2	0.012992	0.022253	2837228
1	1	50000	3	0.012691	0.022014	2881462
1	1	50000	4	0.012571	0.021913	2899908
1	1	100000	0	0.033368	0.053824	2293788
1	1	100000	1	0.030302	0.051096	2457076
1	1	100000	2	0.031773	0.052081	2385100
1	1	100000	3	0.025017	0.041750	2995463
1	1	100000	4	0.022432	0.044358	2994479
1	2	10000	0	0.002205	0.002626	4140265
1	2	10000	1	0.001418	0.001951	5936295
1	2	10000	2	0.001278	0.001955	6185382
1	2	10000	3	0.001284	0.001973	6141648
1	2	10000	4	0.001270	0.001967	6177684
1	2	25000	0	0.005777	0.009817	3206485
1	2	25000	1	0.004836	0.008175	3842866
1	2	25000	2	0.004931	0.008003	3865763
1	2	25000	3	0.004684	0.007293	4174728
1	2	25000	4	0.004675	0.007273	4185010
1	2	50000	0	0.015883	0.017481	2997213
1	2	50000	1	0.009409	0.012710	4520977
1	2	50000	2	0.008637	0.012081	4826833
1	2	50000	3	0.014153	0.021650	2793047
1	2	50000	4	0.012969	0.021338	2914810
1	2	100000	0	0.033620	0.052566	2320573
1	2	100000	1	0.031301	0.052186	2395563
1	2	100000	2	0.031744	0.051482	2403097
1	2	100000	3	0.031688	0.051384	2407568
1	2	100000	4	0.031680	0.053069	2359917
0	3	10000	0	0.001912	0.002768	4273351
0	3	10000	1	0.001398	0.001947	5978839
0	3	10000	2	0.001225	0.001964	6272410
0	3	10000	3	0.001212	0.001947	6330795
0	3	10000	4	0.001201	0.001943	6360567
0	3	25000	0	0.004952	0.010236	3292054
0	3	25000	1	0.004365	0.008254	3962287
0	3	25000	2	0.004292	0.007009	4424426
0	3	25000	3	0.004211	0.006958	4476367
0	3	25000	4	0.004176	0.006735	4582449
0	3	50000	0	0.012038	0.023326	2827656
0	3	50000	1	0.010407	0.022096	3076594
0	3	50000	2	0.009966	0.021532	3174894
0	3	50000	3	0.009896	0.022372	3099103
0	3	50000	4	0.010714	0.023274	2942181
0	3	100000	0	0.029340	0.053151	2424527
0	3	100000	1	0.026341	0.051158	2580705
0	3	100000	2	0.026400	0.050546	2599216
0	3	100000	3	0.026155	0.050855	2597082
0	3	100000	4	0.026266	0.050871	2592793
