paired	variant	trial	transactions	repeat	snapshot_seconds	drain_seconds	selected_per_second
1	before	0	10000	0	0.002048	0.002462	4434861
1	before	0	10000	1	0.001230	0.001882	6426960
1	before	0	10000	2	0.001223	0.001882	6441145
1	before	0	10000	3	0.001214	0.001866	6493821
1	before	0	10000	4	0.001210	0.001888	6454055
1	before	0	25000	0	0.005801	0.009905	3183481
1	before	0	25000	1	0.004785	0.008035	3900287
1	before	0	25000	2	0.006349	0.009439	3166958
1	before	0	25000	3	0.005827	0.007736	3686610
1	before	0	25000	4	0.004912	0.011112	3120317
1	before	0	50000	0	0.015273	0.024164	2535694
1	before	0	50000	1	0.012464	0.022474	2862169
1	before	0	50000	2	0.012517	0.022105	2888307
1	before	0	50000	3	0.012873	0.022663	2814056
1	before	0	50000	4	0.012654	0.022520	2843039
1	before	0	100000	0	0.033124	0.056941	2220623
1	before	0	100000	1	0.032599	0.057837	2211502
1	before	0	100000	2	0.033005	0.053961	2299759
1	before	0	100000	3	0.031549	0.054489	2324534
1	before	0	100000	4	0.032425	0.055426	2276597
1	after	1	10000	0	0.001288	0.002438	5367711
1	after	1	10000	1	0.000955	0.002221	6297963
1	after	1	10000	2	0.000741	0.002234	6721618
1	after	1	10000	3	0.000857	0.002220	6499975
1	after	1	10000	4	0.000730	0.002214	6792518
1	after	1	25000	0	0.005303	0.009578	3360053
1	after	1	25000	1	0.004092	0.007967	4146266
1	after	1	25000	2	0.003615	0.007814	4374767
1	after	1	25000	3	0.003683	0.007638	4416513
1	after	1	25000	4	0.003471	0.007285	4648894
1	after	1	50000	0	0.016107	0.027490	2293755
1	after	1	50000	1	0.011318	0.021311	3064784
1	after	1	50000	2	0.012007	0.024986	2703205
1	after	1	50000	3	0.010390	0.023501	2950567
1	after	1	50000	4	0.009553	0.022653	3105082
1	after	1	100000	0	0.028696	0.060863	2233168
1	after	1	100000	1	0.027121	0.058417	2338139
1	after	1	100000	2	0.024973	0.058348	2400351
1	after	1	100000	3	0.024782	0.058210	2409887
1	after	1	100000	4	0.024770	0.058211	2410180
1	after	2	10000	0	0.001212	0.002579	5275966
1	after	2	10000	1	0.000976	0.002225	6248169
1	after	2	10000	2	0.000894	0.002213	6437490
1	after	2	10000	3	0.000729	0.002225	6770242
1	after	2	10000	4	0.000723	0.002226	6782871
1	after	2	25000	0	0.005001	0.009285	3500069
1	after	2	25000	1	0.003962	0.007430	4388986
1	after	2	25000	2	0.003481	0.007143	4706237
1	after	2	25000	3	0.003421	0.007148	4730890
1	after	2	25000	4	0.003754	0.008152	4199451
1	after	2	50000	0	0.013016	0.024074	2696154
1	after	2	50000	1	0.011101	0.021142	3101485
1	after	2	50000	2	0.009579	0.021926	3174002
1	after	2	50000	3	0.009798	0.023109	3038861
1	after	2	50000	4	0.009692	0.023096	3049904
1	after	2	100000	0	0.030390	0.063595	2127994
1	after	2	100000	1	0.027342	0.059985	2290253
1	after	2	100000	2	0.025022	0.062515	2284763
1	after	2	100000	3	0.024852	0.060598	2340550
1	after	2	100000	4	0.024988	0.060848	2330013
1	before	3	10000	0	0.001982	0.002036	4977996
1	before	3	10000	1	0.001179	0.002079	6139764
1	before	3	10000	2	0.001263	0.001997	6133993
1	before	3	10000	3	0.001242	0.001953	6259904
1	before	3	10000	4	0.001236	0.001963	6251455
1	before	3	25000	0	0.005607	0.009843	3236227
1	before	3	25000	1	0.004701	0.007867	3978241
1	before	3	25000	2	0.004770	0.007852	3961227
1	before	3	25000	3	0.004727	0.007577	4063800
1	before	3	25000	4	0.004675	0.007215	4204964
1	before	3	50000	0	0.014396	0.025455	2509351
1	before	3	50000	1	0.012598	0.023767	2749879
1	before	3	50000	2	0.012906	0.022876	2794686
1	before	3	50000	3	0.012637	0.022986	2807196
1	before	3	50000	4	0.012748	0.022588	2829940
1	before	3	100000	0	0.033445	0.055834	2240156
1	before	3	100000	1	0.031522	0.055920	2287215
1	before	3	100000	2	0.032500	0.055517	2272298
1	before	3	100000	3	0.031678	0.054332	2325300
1	before	3	100000	4	0.032331	0.054603	2300593
0	before	0	10000	0	0.001696	0.001532	3097511
0	before	0	10000	1	0.000978	0.000937	5222521
0	before	0	10000	2	0.000684	0.000905	6294684
0	before	0	10000	3	0.000671	0.000910	6324963
0	before	0	10000	4	0.000678	0.000959	6106781
0	before	0	25000	0	0.005449	0.004611	2484931
0	before	0	25000	1	0.003456	0.003494	3597255
0	before	0	25000	2	0.002712	0.003248	4194703
0	before	0	25000	3	0.002614	0.003117	4362786
0	before	0	25000	4	0.002558	0.003068	4443884
0	before	0	50000	0	0.012466	0.011446	2090996
0	before	0	50000	1	0.010338	0.010046	2452863
0	before	0	50000	2	0.009139	0.009905	2625475
0	before	0	50000	3	0.008649	0.009535	2749697
0	before	0	50000	4	0.008468	0.009465	2788036
0	before	0	100000	0	0.027967	0.028310	1776898
0	before	0	100000	1	0.025752	0.025519	1950411
0	before	0	100000	2	0.023452	0.025853	2028198
0	before	0	100000	3	0.023263	0.025885	2034654
0	before	0	100000	4	0.023224	0.025938	2034103
0	after	1	10000	0	0.001278	0.001328	3838048
0	after	1	10000	1	0.000962	0.001150	4735153
0	after	1	10000	2	0.000863	0.001149	4969841
0	after	1	10000	3	0.000739	0.001141	5321110
0	after	1	10000	4	0.000786	0.001145	5178626
0	after	1	25000	0	0.003470	0.003562	3555364
0	after	1	25000	1	0.002453	0.003032	4558456
0	after	1	25000	2	0.002022	0.004790	3669964
0	after	1	25000	3	0.004891	0.005062	2511808
0	after	1	25000	4	0.003746	0.004520	3024451
0	after	1	50000	0	0.013273	0.013386	1875554
0	after	1	50000	1	0.011467	0.012187	2113806
0	after	1	50000	2	0.010381	0.012622	2173645
0	after	1	50000	3	0.010273	0.012876	2159927
0	after	1	50000	4	0.010088	0.012871	2177827
0	after	1	100000	0	0.028821	0.031996	1644267
0	after	1	100000	1	0.027442	0.030150	1736344
0	after	1	100000	2	0.025148	0.030357	1801636
0	after	1	100000	3	0.025107	0.030357	1802958
0	after	1	100000	4	0.025164	0.030476	1797272
0	after	2	10000	0	0.001841	0.001801	2745679
0	after	2	10000	1	0.001040	0.001153	4561203
0	after	2	10000	2	0.000783	0.001119	5257762
0	after	2	10000	3	0.000726	0.001120	5417162
0	after	2	10000	4	0.000744	0.001143	5299695
0	after	2	25000	0	0.005605	0.005533	2244503
0	after	2	25000	1	0.003680	0.004356	3110992
0	after	2	25000	2	0.002993	0.004073	3538204
0	after	2	25000	3	0.002939	0.003981	3612629
0	after	2	25000	4	0.002895	0.003923	3666712
0	after	2	50000	0	0.012649	0.012682	1973866
0	after	2	50000	1	0.011711	0.011880	2119502
0	after	2	50000	2	0.010030	0.012309	2238217
0	after	2	50000	3	0.009718	0.012509	2249544
0	after	2	50000	4	0.009529	0.012346	2285694
0	after	2	100000	0	0.028835	0.032642	1626602
0	after	2	100000	1	0.027582	0.030344	1726344
0	after	2	100000	2	0.025300	0.030482	1792676
0	after	2	100000	3	0.025164	0.030541	1795189
0	after	2	100000	4	0.025173	0.030513	1795780
0	before	3	10000	0	0.001219	0.001076	4357226
0	before	3	10000	1	0.000888	0.000936	5481479
0	before	3	10000	2	0.000720	0.000937	6034635
0	before	3	10000	3	0.000688	0.000935	6159619
0	before	3	10000	4	0.000682	0.000939	6168415
0	before	3	25000	0	0.005091	0.004399	2634421
0	before	3	25000	1	0.003744	0.004027	3217107
0	before	3	25000	2	0.003069	0.003947	3563234
0	before	3	25000	3	0.003143	0.003773	3614874
0	before	3	25000	4	0.002883	0.003409	3973445
0	before	3	50000	0	0.012321	0.010660	2175708
0	before	3	50000	1	0.010474	0.009581	2493205
0	before	3	50000	2	0.009482	0.009993	2567453
0	before	3	50000	3	0.009396	0.010081	2567180
0	before	3	50000	4	0.009255	0.009905	2609566
0	before	3	100000	0	0.027580	0.027958	1800557
0	before	3	100000	1	0.025716	0.024867	1976941
0	before	3	100000	2	0.023724	0.025419	2034882
0	before	3	100000	3	0.023533	0.025647	2033376
0	before	3	100000	4	0.023589	0.026148	2010554
