variant	workload	transactions	workers	seconds	tps	reused	conflicts	retries	backoff	bodies_reused	batch_size	prepare_seconds	ordered_seconds	commit_seconds
barrier-1	compute_paid	100000	0	13.216801	7566	0	0	0	0	0	128	0.000015	13.178335	0.032965
barrier-1	compute_paid	100000	16	2.723295	36720	774	98202	0	1024	98075	128	1.705242	0.962022	0.049429
barrier-1	compute_paid	100000	32	2.576870	38807	774	98202	0	1024	98075	128	1.467081	1.044384	0.059666
barrier-1	tip20_paid	100000	0	0.901743	110896	0	0	0	0	0	128	0.000015	0.849595	0.045870
barrier-1	tip20_paid	100000	16	0.978891	102156	87	11049	0	88864	6	128	0.086629	0.840440	0.045614
barrier-1	tip20_paid	100000	32	0.980005	102040	91	11557	0	88352	450	128	0.086709	0.842459	0.044646
streaming-1	compute_paid	100000	0	13.104818	7631	0	0	0	0	0	128	0.000015	13.065391	0.033916
streaming-1	compute_paid	100000	16	1.931946	51761	774	98202	0	1024	98075	128	0.386895	1.458407	0.080559
streaming-1	compute_paid	100000	32	2.137383	46786	774	98202	0	1024	98075	128	0.435182	1.617399	0.078632
streaming-1	tip20_paid	100000	0	0.907861	110149	0	0	0	0	0	128	0.000016	0.854671	0.046940
streaming-1	tip20_paid	100000	16	0.979547	102088	87	11049	0	88864	9	128	0.066958	0.857592	0.048798
streaming-1	tip20_paid	100000	32	0.985389	101483	109	13843	0	86048	857	128	0.082558	0.850462	0.046154
streaming-final	storage	10000	0	0.021080	474382	0	0	0	0	0	128	0.000002	0.018012	0.002465
streaming-final	storage	10000	16	0.037968	263380	10000	0	0	0	0	128	0.012820	0.016812	0.007802
streaming-final	storage	10000	32	0.044748	223473	10000	0	0	0	0	128	0.015874	0.019785	0.008551
streaming-final	compute	10000	0	1.353940	7386	0	0	0	0	0	128	0.000002	1.351337	0.002056
streaming-final	compute	10000	16	0.121393	82377	10000	0	0	0	0	128	0.013969	0.096806	0.010008
streaming-final	compute	10000	32	0.104521	95675	10000	0	0	0	0	128	0.018082	0.075848	0.009964
streaming-final	compute_paid	10000	0	1.404237	7121	0	0	0	0	0	128	0.000002	1.400498	0.003161
streaming-final	compute_paid	10000	16	0.316868	31559	71	8905	0	1024	8778	128	0.029890	0.279601	0.006772
streaming-final	compute_paid	10000	32	0.324557	30811	71	8905	0	1024	8778	128	0.035463	0.282187	0.006306
streaming-final	tip20	10000	0	0.046487	215114	0	0	0	0	0	128	0.000002	0.042933	0.002887
streaming-final	tip20	10000	16	0.054270	184264	10000	0	0	0	0	128	0.031268	0.012802	0.008401
streaming-final	tip20	10000	32	0.058359	171354	10000	0	0	0	0	128	0.034661	0.014462	0.007550
streaming-final	tip20_paid	10000	0	0.080040	124938	0	0	0	0	0	128	0.000002	0.074883	0.004492
streaming-final	tip20_paid	10000	16	0.086526	115573	9	1143	0	8848	0	128	0.005475	0.076662	0.003734
streaming-final	tip20_paid	10000	32	0.085755	116611	9	1143	0	8848	0	128	0.005962	0.075795	0.003341
streaming-final	storage	25000	0	0.048222	518435	0	0	0	0	0	128	0.000004	0.041544	0.005384
streaming-final	storage	25000	16	0.080091	312145	25000	0	0	0	0	128	0.028168	0.034730	0.015839
streaming-final	storage	25000	32	0.100721	248211	25000	0	0	0	0	128	0.035574	0.043904	0.019903
streaming-final	compute	25000	0	3.396904	7360	0	0	0	0	0	128	0.000004	3.390511	0.005055
streaming-final	compute	25000	16	0.322551	77507	25000	0	0	0	0	128	0.032673	0.262616	0.025694
streaming-final	compute	25000	32	0.279403	89477	25000	0	0	0	0	128	0.053424	0.198137	0.026198
streaming-final	compute_paid	25000	0	3.488425	7167	0	0	0	0	0	128	0.000004	3.478698	0.008307
streaming-final	compute_paid	25000	16	0.588143	42507	188	23788	0	1024	23661	128	0.088886	0.479001	0.018737
streaming-final	compute_paid	25000	32	0.603590	41419	188	23788	0	1024	23661	128	0.099520	0.483929	0.018606
streaming-final	tip20	25000	0	0.130474	191608	0	0	0	0	0	128	0.000004	0.120529	0.008277
streaming-final	tip20	25000	16	0.151426	165097	25000	0	0	0	0	128	0.089324	0.034879	0.022341
streaming-final	tip20	25000	32	0.162049	154274	25000	0	0	0	0	128	0.097581	0.040841	0.019237
streaming-final	tip20_paid	25000	0	0.209154	119529	0	0	0	0	0	128	0.000004	0.198625	0.008877
streaming-final	tip20_paid	25000	16	0.224416	111400	22	2794	0	22184	5	128	0.014707	0.199162	0.008896
streaming-final	tip20_paid	25000	32	0.226593	110330	22	2794	0	22184	49	128	0.015915	0.200160	0.008867
streaming-final	storage	50000	0	0.098478	507726	0	0	0	0	0	128	0.000008	0.085198	0.010706
streaming-final	storage	50000	16	0.154440	323750	50000	0	0	0	0	128	0.056190	0.067205	0.028315
streaming-final	storage	50000	32	0.167914	297771	50000	0	0	0	0	128	0.065826	0.069859	0.029472
streaming-final	compute	50000	0	6.753601	7403	0	0	0	0	0	128	0.000008	6.740828	0.010107
streaming-final	compute	50000	16	0.592777	84349	50000	0	0	0	0	128	0.069035	0.469843	0.050779
streaming-final	compute	50000	32	0.567136	88162	50000	0	0	0	0	128	0.096099	0.411787	0.055890
streaming-final	compute_paid	50000	0	6.965746	7178	0	0	0	0	0	128	0.000008	6.945636	0.017226
streaming-final	compute_paid	50000	16	1.013171	49350	383	48593	0	1024	48466	128	0.184473	0.782391	0.043321
streaming-final	compute_paid	50000	32	1.100708	45425	383	48593	0	1024	48466	128	0.211628	0.846083	0.039902
streaming-final	tip20	50000	0	0.277442	180218	0	0	0	0	0	128	0.000008	0.254487	0.019593
streaming-final	tip20	50000	16	0.300199	166556	50000	0	0	0	0	128	0.190423	0.071048	0.031467
streaming-final	tip20	50000	32	0.343547	145540	50000	0	0	0	0	128	0.212083	0.081857	0.040204
streaming-final	tip20_paid	50000	0	0.438911	113918	0	0	0	0	0	128	0.000008	0.413435	0.022174
streaming-final	tip20_paid	50000	16	0.477318	104752	44	5588	0	44368	2	128	0.033042	0.418077	0.022888
streaming-final	tip20_paid	50000	32	0.476278	104981	47	5969	0	43984	115	128	0.035975	0.414135	0.022871
streaming-final	storage	100000	0	0.204649	488643	0	0	0	0	0	128	0.000015	0.177599	0.021858
streaming-final	storage	100000	16	0.336053	297572	100000	0	0	0	0	128	0.119812	0.145684	0.065123
streaming-final	storage	100000	32	0.444617	224913	100000	0	0	0	0	128	0.153783	0.195016	0.090492
streaming-final	compute	100000	0	13.532181	7390	0	0	0	0	0	128	0.000015	13.506608	0.020147
streaming-final	compute	100000	16	1.429223	69968	100000	0	0	0	0	128	0.139204	1.194091	0.089206
streaming-final	compute	100000	32	1.132339	88313	100000	0	0	0	0	128	0.198603	0.818788	0.108028
streaming-final	compute_paid	100000	0	13.823591	7234	0	0	0	0	0	128	0.000015	13.784582	0.033237
streaming-final	compute_paid	100000	16	2.005540	49862	774	98202	0	1024	98075	128	0.392409	1.525403	0.081422
streaming-final	compute_paid	100000	32	2.187030	45724	774	98202	0	1024	98075	128	0.453563	1.646340	0.080815
streaming-final	tip20	100000	0	0.565571	176812	0	0	0	0	0	128	0.000015	0.517949	0.041026
streaming-final	tip20	100000	16	0.617012	162071	100000	0	0	0	0	128	0.392589	0.146171	0.063236
streaming-final	tip20	100000	32	0.716596	139549	100000	0	0	0	0	128	0.444552	0.167542	0.085048
streaming-final	tip20_paid	100000	0	0.889055	112479	0	0	0	0	0	128	0.000015	0.836615	0.045884
streaming-final	tip20_paid	100000	16	0.966811	103433	87	11049	0	88864	16	128	0.066483	0.847967	0.045876
streaming-final	tip20_paid	100000	32	0.968534	103249	96	12192	0	87712	426	128	0.073927	0.842883	0.045195
barrier-2	compute_paid	100000	0	13.868407	7211	0	0	0	0	0	128	0.000015	13.829448	0.032989
barrier-2	compute_paid	100000	16	2.696357	37087	774	98202	0	1024	98075	128	1.664091	0.974687	0.051783
barrier-2	compute_paid	100000	32	2.589133	38623	774	98202	0	1024	98075	128	1.464229	1.058595	0.060344
streaming-2	compute_paid	100000	0	13.746795	7274	0	0	0	0	0	128	0.000015	13.707658	0.033064
streaming-2	compute_paid	100000	16	1.951746	51236	774	98202	0	1024	98075	128	0.389005	1.477707	0.078753
streaming-2	compute_paid	100000	32	2.174963	45978	774	98202	0	1024	98075	128	0.444717	1.645027	0.078805
