workload	sample	variant	seconds
read_heavy	0	false	0.118767338
read_heavy	0	true	0.035018022
read_heavy	1	true	0.034735532
read_heavy	1	false	0.119650275
read_heavy	2	false	0.119777454
read_heavy	2	true	0.035125654
read_heavy	3	true	0.034828837
read_heavy	3	false	0.120195328
read_heavy	4	false	0.120195709
read_heavy	4	true	0.035201487
read_heavy	5	true	0.034881266
read_heavy	5	false	0.121551895
read_heavy	6	false	0.120136448
read_heavy	6	true	0.036246398
all_writes	0	false	0.056380812
all_writes	0	true	0.334968709
all_writes	1	true	0.33506561
all_writes	1	false	0.05721616
all_writes	2	false	0.057331767
all_writes	2	true	0.336749431
all_writes	3	true	0.335722363
all_writes	3	false	0.057978281
all_writes	4	false	0.057026154
all_writes	4	true	0.336432867
all_writes	5	true	0.336404383
all_writes	5	false	0.056831067
all_writes	6	false	0.056998582
all_writes	6	true	0.336501306
account_only	0	false	0.016138815
account_only	0	true	0.007288441
account_only	1	true	0.007299763
account_only	1	false	0.016260673
account_only	2	false	0.016207884
account_only	2	true	0.007269516
account_only	3	true	0.007277631
account_only	3	false	0.016240324
account_only	4	false	0.015622906
account_only	4	true	0.007265127
account_only	5	true	0.007300764
account_only	5	false	0.015793095
account_only	6	false	0.015640198
account_only	6	true	0.007261681
