trial	batch	workload	transactions	workers	seconds	tps	reused	conflicts	retries	backoff	bodies_reused	fees_rebased	prepare_seconds	ordered_seconds	commit_seconds
0	128	compute_paid_chains	50000	0	6.659613	7508	0	0	0	0	0	0	0.000007	6.643162	0.013560
0	128	compute_paid_chains	50000	16	1.051492	47551	49985	15	0	0	0	49594	0.173439	0.828815	0.045826
0	128	compute_paid_chains	50000	32	0.794210	62956	49969	31	0	0	0	49578	0.191734	0.549229	0.049674
0	128	tip20_paid_aa	50000	0	0.479503	104275	0	0	0	0	0	0	0.000008	0.453386	0.022781
0	128	tip20_paid_aa	50000	16	0.431772	115802	49985	15	0	0	0	49594	0.255458	0.129512	0.040811
0	128	tip20_paid_aa	50000	32	0.498630	100275	49969	31	0	0	0	49578	0.291741	0.139910	0.058134
1	256	compute_paid_chains	50000	0	6.663375	7504	0	0	0	0	0	0	0.000004	6.646954	0.013614
1	256	compute_paid_chains	50000	16	0.910817	54896	49985	15	0	0	0	49789	0.150557	0.701368	0.055351
1	256	compute_paid_chains	50000	32	0.800474	62463	49969	31	0	0	0	49773	0.171408	0.573576	0.052102
1	256	tip20_paid_aa	50000	0	0.484648	103168	0	0	0	0	0	0	0.000004	0.458811	0.022472
1	256	tip20_paid_aa	50000	16	0.470328	106309	49985	15	0	0	0	49789	0.252982	0.136449	0.072634
1	256	tip20_paid_aa	50000	32	0.493531	101311	49969	31	0	0	0	49773	0.269765	0.155240	0.059992
2	512	compute_paid_chains	50000	0	6.683716	7481	0	0	0	0	0	0	0.000002	6.668132	0.012776
2	512	compute_paid_chains	50000	16	0.932258	53633	49985	15	0	0	0	49887	0.144805	0.730912	0.052995
2	512	compute_paid_chains	50000	32	0.777986	64269	49969	31	0	0	0	49871	0.164091	0.557875	0.052672
2	512	tip20_paid_aa	50000	0	0.477548	104701	0	0	0	0	0	0	0.000002	0.451676	0.022326
2	512	tip20_paid_aa	50000	16	0.454807	109937	49985	15	0	0	0	49887	0.247338	0.129741	0.069651
2	512	tip20_paid_aa	50000	32	0.471666	106007	49969	31	0	0	0	49871	0.261033	0.151294	0.051543
3	1024	compute_paid_chains	50000	0	6.640170	7530	0	0	0	0	0	0	0.000001	6.623744	0.013635
3	1024	compute_paid_chains	50000	16	0.923795	54125	49985	15	0	0	0	49936	0.141905	0.725191	0.053048
3	1024	compute_paid_chains	50000	32	0.759139	65864	49969	31	0	0	0	49920	0.154236	0.544149	0.057587
3	1024	tip20_paid_aa	50000	0	0.480363	104088	0	0	0	0	0	0	0.000001	0.455013	0.022029
3	1024	tip20_paid_aa	50000	16	0.455115	109862	49985	15	0	0	0	49936	0.246900	0.132281	0.067064
3	1024	tip20_paid_aa	50000	32	0.457829	109211	49969	31	0	0	0	49920	0.250351	0.148964	0.050852
4	1024	compute_paid_chains	50000	0	6.856144	7293	0	0	0	0	0	0	0.000001	6.839716	0.013632
4	1024	compute_paid_chains	50000	16	0.838812	59608	49985	15	0	0	0	49936	0.141922	0.636022	0.057340
4	1024	compute_paid_chains	50000	32	0.746488	66980	49969	31	0	0	0	49920	0.150610	0.537236	0.055407
4	1024	tip20_paid_aa	50000	0	0.477498	104713	0	0	0	0	0	0	0.000001	0.451551	0.022617
4	1024	tip20_paid_aa	50000	16	0.451453	110754	49985	15	0	0	0	49936	0.249990	0.130016	0.063709
4	1024	tip20_paid_aa	50000	32	0.471979	105937	49969	31	0	0	0	49920	0.260764	0.153387	0.050107
5	512	compute_paid_chains	50000	0	6.665171	7502	0	0	0	0	0	0	0.000002	6.648789	0.013545
5	512	compute_paid_chains	50000	16	0.916456	54558	49985	15	0	0	0	49887	0.146147	0.714009	0.052696
5	512	compute_paid_chains	50000	32	0.768235	65084	49969	31	0	0	0	49871	0.165503	0.550517	0.048827
5	512	tip20_paid_aa	50000	0	0.486577	102759	0	0	0	0	0	0	0.000002	0.459156	0.024078
5	512	tip20_paid_aa	50000	16	0.458556	109038	49985	15	0	0	0	49887	0.247906	0.132658	0.069946
5	512	tip20_paid_aa	50000	32	0.465349	107446	49969	31	0	0	0	49871	0.256813	0.146852	0.053866
6	256	compute_paid_chains	50000	0	6.700576	7462	0	0	0	0	0	0	0.000004	6.684101	0.013655
6	256	compute_paid_chains	50000	16	0.958594	52160	49985	15	0	0	0	49789	0.152263	0.748417	0.054403
6	256	compute_paid_chains	50000	32	0.812583	61532	49969	31	0	0	0	49773	0.175344	0.583899	0.049936
6	256	tip20_paid_aa	50000	0	0.481433	103857	0	0	0	0	0	0	0.000004	0.456410	0.021700
6	256	tip20_paid_aa	50000	16	0.485834	102916	49985	15	0	0	0	49789	0.259073	0.141740	0.076344
6	256	tip20_paid_aa	50000	32	0.504604	99088	49969	31	0	0	0	49773	0.276975	0.155260	0.063352
7	128	compute_paid_chains	50000	0	6.688160	7476	0	0	0	0	0	0	0.000007	6.671651	0.013681
7	128	compute_paid_chains	50000	16	0.979380	51053	49985	15	0	0	0	49594	0.179007	0.744542	0.052378
7	128	compute_paid_chains	50000	32	0.795147	62881	49969	31	0	0	0	49578	0.192086	0.549119	0.050236
7	128	tip20_paid_aa	50000	0	0.484688	103159	0	0	0	0	0	0	0.000008	0.459119	0.022213
7	128	tip20_paid_aa	50000	16	0.444442	112501	49985	15	0	0	0	49594	0.261176	0.134258	0.042778
7	128	tip20_paid_aa	50000	32	0.493808	101254	49969	31	0	0	0	49578	0.290000	0.137702	0.057269
