workload	transactions	workers	seconds	tps	reused	conflicts	retries
storage	10000	0	0.018984	526767	0	0	0
storage	10000	4	0.044707	223678	10000	0	0
storage	10000	16	0.039455	253451	10000	0	0
storage	10000	32	0.044102	226749	10000	0	0
compute	10000	0	1.351938	7397	0	0	0
compute	10000	4	0.366263	27303	10000	0	0
compute	10000	16	0.166399	60097	10000	0	0
compute	10000	32	0.130360	76710	10000	0	0
tip20	10000	0	0.046281	216070	0	0	0
tip20	10000	4	0.108928	91804	10000	0	0
tip20	10000	16	0.107852	92720	10000	0	0
tip20	10000	32	0.145805	68585	10000	0	0
tip20_paid	10000	0	0.076369	130943	0	0	0
tip20_paid	10000	4	0.186087	53738	79	9921	0
tip20_paid	10000	16	0.218777	45709	79	9921	0
tip20_paid	10000	32	0.219349	45590	79	9921	0
storage	25000	0	0.046863	533471	0	0	0
storage	25000	4	0.087459	285850	25000	0	0
storage	25000	16	0.106701	234300	25000	0	0
storage	25000	32	0.146684	170435	25000	0	0
compute	25000	0	3.316987	7537	0	0	0
compute	25000	4	0.919946	27176	25000	0	0
compute	25000	16	0.392997	63614	25000	0	0
compute	25000	32	0.319720	78193	25000	0	0
tip20	25000	0	0.123358	202662	0	0	0
tip20	25000	4	0.334243	74796	25000	0	0
tip20	25000	16	0.325561	76791	25000	0	0
tip20	25000	32	0.377663	66197	25000	0	0
tip20_paid	25000	0	0.202267	123599	0	0	0
tip20_paid	25000	4	0.480562	52022	196	24804	0
tip20_paid	25000	16	0.573409	43599	196	24804	0
tip20_paid	25000	32	0.578992	43178	196	24804	0
storage	50000	0	0.094388	529726	0	0	0
storage	50000	4	0.229068	218275	50000	0	0
storage	50000	16	0.256760	194734	50000	0	0
storage	50000	32	0.289587	172660	50000	0	0
compute	50000	0	6.603965	7571	0	0	0
compute	50000	4	1.864067	26823	50000	0	0
compute	50000	16	0.702189	71206	50000	0	0
compute	50000	32	0.646897	77292	50000	0	0
tip20	50000	0	0.271976	183840	0	0	0
tip20	50000	4	0.581680	85958	50000	0	0
tip20	50000	16	0.744549	67155	50000	0	0
tip20	50000	32	0.796805	62751	50000	0	0
tip20_paid	50000	0	0.432196	115688	0	0	0
tip20_paid	50000	4	0.924241	54098	391	49609	0
tip20_paid	50000	16	1.119884	44647	391	49609	0
tip20_paid	50000	32	1.198995	41702	391	49609	0
storage	100000	0	0.197718	505772	0	0	0
storage	100000	4	0.374921	266723	100000	0	0
storage	100000	16	0.344950	289897	100000	0	0
storage	100000	32	0.596462	167655	100000	0	0
compute	100000	0	13.172736	7591	0	0	0
compute	100000	4	3.755051	26631	100000	0	0
compute	100000	16	1.629383	61373	100000	0	0
compute	100000	32	1.342615	74482	100000	0	0
tip20	100000	0	0.555744	179939	0	0	0
tip20	100000	4	0.978934	102152	100000	0	0
tip20	100000	16	1.057843	94532	100000	0	0
tip20	100000	32	1.154423	86623	100000	0	0
tip20_paid	100000	0	0.869219	115046	0	0	0
tip20_paid	100000	4	1.908786	52389	782	99218	0
tip20_paid	100000	16	1.816199	55060	782	99218	0
tip20_paid	100000	32	2.384181	41943	782	99218	0
