mode,parent,delegate,sponsored,policy,phase,authorization_bytes,gas,keychain_words_created,execution_us
stored,Secp-false,Secp-false,false,0,0,154,300218,1,2102
stored,Secp-false,Secp-false,false,0,1,0,36518,0,1605
stored,Secp-false,Secp-false,false,0,2,0,36518,0,1923
carried,Secp-false,Secp-false,false,0,0,208,44842,0,2210
carried,Secp-false,Secp-false,false,0,1,208,44842,0,2007
carried,Secp-false,Secp-false,false,0,2,208,44842,0,2021
stored,Secp-false,Secp-false,false,1,0,181,802905,3,2428
stored,Secp-false,Secp-false,false,1,1,0,39205,0,1526
stored,Secp-false,Secp-false,false,1,2,0,39205,0,1486
carried,Secp-false,Secp-false,false,1,0,236,311369,1,2618
carried,Secp-false,Secp-false,false,1,1,236,64169,0,2847
carried,Secp-false,Secp-false,false,1,2,236,64169,0,3162
stored,Secp-false,Secp-false,false,2,0,182,803005,3,2011
stored,Secp-false,Secp-false,false,2,1,0,39305,0,1703
stored,Secp-false,Secp-false,false,2,2,0,39305,0,1663
carried,Secp-false,Secp-false,false,2,0,236,314065,1,3021
carried,Secp-false,Secp-false,false,2,1,236,66865,0,3020
carried,Secp-false,Secp-false,false,2,2,236,316965,1,3561
stored,Secp-false,Secp-false,false,3,0,254,2817105,11,2162
stored,Secp-false,Secp-false,false,3,1,0,43405,0,1628
stored,Secp-false,Secp-false,false,3,2,0,43405,0,1545
carried,Secp-false,Secp-false,false,3,0,312,312397,1,3952
carried,Secp-false,Secp-false,false,3,1,312,65197,0,3276
carried,Secp-false,Secp-false,false,3,2,312,65197,0,6247
stored,Secp-false,Secp-false,true,0,0,154,305018,1,2826
stored,Secp-false,Secp-false,true,0,1,0,41318,0,1308
stored,Secp-false,Secp-false,true,0,2,0,41318,0,2089
carried,Secp-false,Secp-false,true,0,0,208,49542,0,2803
carried,Secp-false,Secp-false,true,0,1,208,49542,0,2165
carried,Secp-false,Secp-false,true,0,2,208,49542,0,2955
stored,Secp-false,Secp-false,true,1,0,181,807705,3,2846
stored,Secp-false,Secp-false,true,1,1,0,50805,0,2013
stored,Secp-false,Secp-false,true,1,2,0,50805,0,2212
carried,Secp-false,Secp-false,true,1,0,236,307615,1,4545
carried,Secp-false,Secp-false,true,1,1,236,58315,0,3339
carried,Secp-false,Secp-false,true,1,2,236,58315,0,5859
stored,Secp-false,Secp-false,true,2,0,182,807805,3,10653
stored,Secp-false,Secp-false,true,2,1,0,50905,0,2527
stored,Secp-false,Secp-false,true,2,2,0,53705,0,1802
carried,Secp-false,Secp-false,true,2,0,236,309957,1,5759
carried,Secp-false,Secp-false,true,2,1,236,60657,0,3901
carried,Secp-false,Secp-false,true,2,2,236,312857,1,3827
stored,Secp-false,Secp-false,true,3,0,254,2821905,11,3317
stored,Secp-false,Secp-false,true,3,1,0,55005,0,2951
stored,Secp-false,Secp-false,true,3,2,0,55005,0,2106
carried,Secp-false,Secp-false,true,3,0,312,308643,1,3959
carried,Secp-false,Secp-false,true,3,1,312,59343,0,3472
carried,Secp-false,Secp-false,true,3,2,312,59343,0,3852
stored,Secp-false,Secp-true,false,0,0,154,304226,1,8224
stored,Secp-false,Secp-true,false,0,1,0,40526,0,2544
stored,Secp-false,Secp-true,false,0,2,0,40526,0,7673
carried,Secp-false,Secp-true,false,0,0,208,48838,0,3792
carried,Secp-false,Secp-true,false,0,1,208,48838,0,23904
carried,Secp-false,Secp-true,false,0,2,208,48838,0,10664
stored,Secp-false,Secp-true,false,1,0,181,806913,3,5033
stored,Secp-false,Secp-true,false,1,1,0,43213,0,3383
stored,Secp-false,Secp-true,false,1,2,0,43213,0,2656
carried,Secp-false,Secp-true,false,1,0,236,315377,1,5520
carried,Secp-false,Secp-true,false,1,1,236,68177,0,4325
carried,Secp-false,Secp-true,false,1,2,236,68177,0,4339
stored,Secp-false,Secp-true,false,2,0,182,807013,3,6293
stored,Secp-false,Secp-true,false,2,1,0,43313,0,2662
stored,Secp-false,Secp-true,false,2,2,0,43313,0,1932
carried,Secp-false,Secp-true,false,2,0,236,318085,1,5530
carried,Secp-false,Secp-true,false,2,1,236,70885,0,4741
carried,Secp-false,Secp-true,false,2,2,236,320985,1,4557
stored,Secp-false,Secp-true,false,3,0,254,2821113,11,23689
stored,Secp-false,Secp-true,false,3,1,0,47413,0,2922
stored,Secp-false,Secp-true,false,3,2,0,47413,0,2639
carried,Secp-false,Secp-true,false,3,0,312,316417,1,4967
carried,Secp-false,Secp-true,false,3,1,312,69217,0,4539
carried,Secp-false,Secp-true,false,3,2,312,69217,0,4607
stored,Secp-false,Secp-true,true,0,0,154,309026,1,3422
stored,Secp-false,Secp-true,true,0,1,0,45326,0,2568
stored,Secp-false,Secp-true,true,0,2,0,45326,0,2919
carried,Secp-false,Secp-true,true,0,0,208,53538,0,3559
carried,Secp-false,Secp-true,true,0,1,208,53538,0,4261
carried,Secp-false,Secp-true,true,0,2,208,53538,0,3345
stored,Secp-false,Secp-true,true,1,0,181,811713,3,3966
stored,Secp-false,Secp-true,true,1,1,0,54813,0,2783
stored,Secp-false,Secp-true,true,1,2,0,54813,0,2503
carried,Secp-false,Secp-true,true,1,0,236,311623,1,3944
carried,Secp-false,Secp-true,true,1,1,236,62323,0,4047
carried,Secp-false,Secp-true,true,1,2,236,62323,0,3849
stored,Secp-false,Secp-true,true,2,0,182,811813,3,20685
stored,Secp-false,Secp-true,true,2,1,0,54913,0,3901
stored,Secp-false,Secp-true,true,2,2,0,57713,0,2937
carried,Secp-false,Secp-true,true,2,0,236,313977,1,4253
carried,Secp-false,Secp-true,true,2,1,236,64677,0,4343
carried,Secp-false,Secp-true,true,2,2,236,316877,1,4262
stored,Secp-false,Secp-true,true,3,0,254,2825913,11,11695
stored,Secp-false,Secp-true,true,3,1,0,59013,0,7190
stored,Secp-false,Secp-true,true,3,2,0,59013,0,3084
carried,Secp-false,Secp-true,true,3,0,312,312663,1,4170
carried,Secp-false,Secp-true,true,3,1,312,63363,0,4221
carried,Secp-false,Secp-true,true,3,2,312,63363,0,12948
stored,Secp-true,Secp-false,false,0,0,243,301626,1,3639
stored,Secp-true,Secp-false,false,0,1,0,36518,0,3043
stored,Secp-true,Secp-false,false,0,2,0,36518,0,2618
carried,Secp-true,Secp-false,false,0,0,298,47002,0,3824
carried,Secp-true,Secp-false,false,0,1,298,47002,0,3569
carried,Secp-true,Secp-false,false,0,2,298,47002,0,3615
stored,Secp-true,Secp-false,false,1,0,271,804313,3,3977
stored,Secp-true,Secp-false,false,1,1,0,39205,0,7074
stored,Secp-true,Secp-false,false,1,2,0,39205,0,3347
carried,Secp-true,Secp-false,false,1,0,326,313517,1,6700
carried,Secp-true,Secp-false,false,1,1,326,66317,0,3566
carried,Secp-true,Secp-false,false,1,2,326,66317,0,4013
stored,Secp-true,Secp-false,false,2,0,272,804413,3,3377
stored,Secp-true,Secp-false,false,2,1,0,39305,0,2040
stored,Secp-true,Secp-false,false,2,2,0,39305,0,2464
carried,Secp-true,Secp-false,false,2,0,326,316237,1,14372
carried,Secp-true,Secp-false,false,2,1,326,69037,0,11713
carried,Secp-true,Secp-false,false,2,2,326,319137,1,5560
stored,Secp-true,Secp-false,false,3,0,344,2818513,11,4209
stored,Secp-true,Secp-false,false,3,1,0,43405,0,2021
stored,Secp-true,Secp-false,false,3,2,0,43405,0,1945
carried,Secp-true,Secp-false,false,3,0,401,314541,1,3264
carried,Secp-true,Secp-false,false,3,1,401,67341,0,3086
carried,Secp-true,Secp-false,false,3,2,401,67341,0,3255
stored,Secp-true,Secp-false,true,0,0,243,306426,1,5502
stored,Secp-true,Secp-false,true,0,1,0,41318,0,2158
stored,Secp-true,Secp-false,true,0,2,0,41318,0,2113
carried,Secp-true,Secp-false,true,0,0,298,51702,0,3043
carried,Secp-true,Secp-false,true,0,1,298,51702,0,3322
carried,Secp-true,Secp-false,true,0,2,298,51702,0,3313
stored,Secp-true,Secp-false,true,1,0,271,809113,3,2456
stored,Secp-true,Secp-false,true,1,1,0,50805,0,2012
stored,Secp-true,Secp-false,true,1,2,0,50805,0,2215
carried,Secp-true,Secp-false,true,1,0,326,309763,1,4084
carried,Secp-true,Secp-false,true,1,1,326,60463,0,3994
carried,Secp-true,Secp-false,true,1,2,326,60463,0,2983
stored,Secp-true,Secp-false,true,2,0,272,809213,3,2639
stored,Secp-true,Secp-false,true,2,1,0,50905,0,2049
stored,Secp-true,Secp-false,true,2,2,0,53705,0,2547
carried,Secp-true,Secp-false,true,2,0,326,312129,1,3998
carried,Secp-true,Secp-false,true,2,1,326,62829,0,4003
carried,Secp-true,Secp-false,true,2,2,326,315029,1,4118
stored,Secp-true,Secp-false,true,3,0,344,2823313,11,4163
stored,Secp-true,Secp-false,true,3,1,0,55005,0,2577
stored,Secp-true,Secp-false,true,3,2,0,55005,0,1835
carried,Secp-true,Secp-false,true,3,0,401,310787,1,7434
carried,Secp-true,Secp-false,true,3,1,401,61487,0,3851
carried,Secp-true,Secp-false,true,3,2,401,61487,0,3741
stored,Secp-true,Secp-true,false,0,0,243,305634,1,3466
stored,Secp-true,Secp-true,false,0,1,0,40526,0,6484
stored,Secp-true,Secp-true,false,0,2,0,40526,0,3300
carried,Secp-true,Secp-true,false,0,0,298,51010,0,4950
carried,Secp-true,Secp-true,false,0,1,298,51010,0,3228
carried,Secp-true,Secp-true,false,0,2,298,51010,0,3991
stored,Secp-true,Secp-true,false,1,0,271,808321,3,4637
stored,Secp-true,Secp-true,false,1,1,0,43213,0,2726
stored,Secp-true,Secp-true,false,1,2,0,43213,0,3399
carried,Secp-true,Secp-true,false,1,0,326,317537,1,4567
carried,Secp-true,Secp-true,false,1,1,326,70337,0,6081
carried,Secp-true,Secp-true,false,1,2,326,70337,0,4069
stored,Secp-true,Secp-true,false,2,0,272,808421,3,5061
stored,Secp-true,Secp-true,false,2,1,0,43313,0,3550
stored,Secp-true,Secp-true,false,2,2,0,43313,0,4286
carried,Secp-true,Secp-true,false,2,0,326,320233,1,6285
carried,Secp-true,Secp-true,false,2,1,326,73033,0,15422
carried,Secp-true,Secp-true,false,2,2,326,323133,1,12653
stored,Secp-true,Secp-true,false,3,0,344,2822521,11,3366
stored,Secp-true,Secp-true,false,3,1,0,47413,0,2286
stored,Secp-true,Secp-true,false,3,2,0,47413,0,2141
carried,Secp-true,Secp-true,false,3,0,401,318549,1,4769
carried,Secp-true,Secp-true,false,3,1,401,71349,0,4116
carried,Secp-true,Secp-true,false,3,2,401,71349,0,3709
stored,Secp-true,Secp-true,true,0,0,243,310434,1,2759
stored,Secp-true,Secp-true,true,0,1,0,45326,0,2681
stored,Secp-true,Secp-true,true,0,2,0,45326,0,2710
carried,Secp-true,Secp-true,true,0,0,298,55710,0,4051
carried,Secp-true,Secp-true,true,0,1,298,55710,0,4122
carried,Secp-true,Secp-true,true,0,2,298,55710,0,3822
stored,Secp-true,Secp-true,true,1,0,271,813121,3,3900
stored,Secp-true,Secp-true,true,1,1,0,54813,0,3073
stored,Secp-true,Secp-true,true,1,2,0,54813,0,3007
carried,Secp-true,Secp-true,true,1,0,326,313783,1,8307
carried,Secp-true,Secp-true,true,1,1,326,64483,0,4446
carried,Secp-true,Secp-true,true,1,2,326,64483,0,7535
stored,Secp-true,Secp-true,true,2,0,272,813221,3,4247
stored,Secp-true,Secp-true,true,2,1,0,54913,0,3283
stored,Secp-true,Secp-true,true,2,2,0,57713,0,3009
carried,Secp-true,Secp-true,true,2,0,326,316125,1,4745
carried,Secp-true,Secp-true,true,2,1,326,66825,0,4633
carried,Secp-true,Secp-true,true,2,2,326,319025,1,4624
stored,Secp-true,Secp-true,true,3,0,344,2827321,11,4693
stored,Secp-true,Secp-true,true,3,1,0,59013,0,4849
stored,Secp-true,Secp-true,true,3,2,0,59013,0,2990
carried,Secp-true,Secp-true,true,3,0,401,314795,1,8492
carried,Secp-true,Secp-true,true,3,1,401,65495,0,4237
carried,Secp-true,Secp-true,true,3,2,401,65495,0,4409
stored,Secp-false,P256-false,false,0,0,154,305218,1,2908
stored,Secp-false,P256-false,false,0,1,0,41518,0,2251
stored,Secp-false,P256-false,false,0,2,0,41518,0,2407
carried,Secp-false,P256-false,false,0,0,208,49842,0,23629
carried,Secp-false,P256-false,false,0,1,208,49842,0,8154
carried,Secp-false,P256-false,false,0,2,208,49842,0,3930
stored,Secp-false,P256-false,false,1,0,181,807905,3,3685
stored,Secp-false,P256-false,false,1,1,0,44205,0,3000
stored,Secp-false,P256-false,false,1,2,0,44205,0,2699
carried,Secp-false,P256-false,false,1,0,236,316369,1,4612
carried,Secp-false,P256-false,false,1,1,236,69169,0,4655
carried,Secp-false,P256-false,false,1,2,236,69169,0,13239
stored,Secp-false,P256-false,false,2,0,182,808005,3,2634
stored,Secp-false,P256-false,false,2,1,0,44305,0,1783
stored,Secp-false,P256-false,false,2,2,0,44305,0,2257
carried,Secp-false,P256-false,false,2,0,236,319077,1,6559
carried,Secp-false,P256-false,false,2,1,236,71877,0,5685
carried,Secp-false,P256-false,false,2,2,236,321977,1,5017
stored,Secp-false,P256-false,false,3,0,254,2822105,11,3842
stored,Secp-false,P256-false,false,3,1,0,48405,0,2477
stored,Secp-false,P256-false,false,3,2,0,48405,0,2379
carried,Secp-false,P256-false,false,3,0,312,317409,1,8934
carried,Secp-false,P256-false,false,3,1,312,70209,0,4478
carried,Secp-false,P256-false,false,3,2,312,70209,0,4634
stored,Secp-false,P256-false,true,0,0,154,310018,1,2446
stored,Secp-false,P256-false,true,0,1,0,46318,0,2078
stored,Secp-false,P256-false,true,0,2,0,46318,0,2498
carried,Secp-false,P256-false,true,0,0,208,54542,0,2639
carried,Secp-false,P256-false,true,0,1,208,54542,0,3010
carried,Secp-false,P256-false,true,0,2,208,54542,0,3089
stored,Secp-false,P256-false,true,1,0,181,812705,3,3052
stored,Secp-false,P256-false,true,1,1,0,55805,0,2339
stored,Secp-false,P256-false,true,1,2,0,55805,0,2052
carried,Secp-false,P256-false,true,1,0,236,312615,1,3928
carried,Secp-false,P256-false,true,1,1,236,63315,0,5809
carried,Secp-false,P256-false,true,1,2,236,63315,0,2850
stored,Secp-false,P256-false,true,2,0,182,812805,3,2963
stored,Secp-false,P256-false,true,2,1,0,55905,0,1696
stored,Secp-false,P256-false,true,2,2,0,58705,0,1475
carried,Secp-false,P256-false,true,2,0,236,314969,1,3187
carried,Secp-false,P256-false,true,2,1,236,65669,0,21489
carried,Secp-false,P256-false,true,2,2,236,317869,1,3025
stored,Secp-false,P256-false,true,3,0,254,2826905,11,3277
stored,Secp-false,P256-false,true,3,1,0,60005,0,2531
stored,Secp-false,P256-false,true,3,2,0,60005,0,1631
carried,Secp-false,P256-false,true,3,0,312,313655,1,2339
carried,Secp-false,P256-false,true,3,1,312,64355,0,2827
carried,Secp-false,P256-false,true,3,2,312,64355,0,3475
stored,Secp-false,P256-true,false,0,0,154,309226,1,3136
stored,Secp-false,P256-true,false,0,1,0,45526,0,2404
stored,Secp-false,P256-true,false,0,2,0,45526,0,2774
carried,Secp-false,P256-true,false,0,0,208,53850,0,4017
carried,Secp-false,P256-true,false,0,1,208,53850,0,2708
carried,Secp-false,P256-true,false,0,2,208,53850,0,3291
stored,Secp-false,P256-true,false,1,0,181,811913,3,16200
stored,Secp-false,P256-true,false,1,1,0,48213,0,5449
stored,Secp-false,P256-true,false,1,2,0,48213,0,2839
carried,Secp-false,P256-true,false,1,0,236,320377,1,4909
carried,Secp-false,P256-true,false,1,1,236,73177,0,4697
carried,Secp-false,P256-true,false,1,2,236,73177,0,3742
stored,Secp-false,P256-true,false,2,0,182,812013,3,16215
stored,Secp-false,P256-true,false,2,1,0,48313,0,11782
stored,Secp-false,P256-true,false,2,2,0,48313,0,2895
carried,Secp-false,P256-true,false,2,0,236,323085,1,4062
carried,Secp-false,P256-true,false,2,1,236,75885,0,4357
carried,Secp-false,P256-true,false,2,2,236,325985,1,4758
stored,Secp-false,P256-true,false,3,0,254,2826113,11,3019
stored,Secp-false,P256-true,false,3,1,0,52413,0,12399
stored,Secp-false,P256-true,false,3,2,0,52413,0,3392
carried,Secp-false,P256-true,false,3,0,312,321417,1,5229
carried,Secp-false,P256-true,false,3,1,312,74217,0,4996
carried,Secp-false,P256-true,false,3,2,312,74217,0,4200
stored,Secp-false,P256-true,true,0,0,154,314026,1,2938
stored,Secp-false,P256-true,true,0,1,0,50326,0,2764
stored,Secp-false,P256-true,true,0,2,0,50326,0,2750
carried,Secp-false,P256-true,true,0,0,208,58550,0,3491
carried,Secp-false,P256-true,true,0,1,208,58550,0,3371
carried,Secp-false,P256-true,true,0,2,208,58550,0,3298
stored,Secp-false,P256-true,true,1,0,181,816713,3,3377
stored,Secp-false,P256-true,true,1,1,0,59813,0,2114
stored,Secp-false,P256-true,true,1,2,0,59813,0,2056
carried,Secp-false,P256-true,true,1,0,236,316623,1,3227
carried,Secp-false,P256-true,true,1,1,236,67323,0,3006
carried,Secp-false,P256-true,true,1,2,236,67323,0,19949
stored,Secp-false,P256-true,true,2,0,182,816813,3,2913
stored,Secp-false,P256-true,true,2,1,0,59913,0,2544
stored,Secp-false,P256-true,true,2,2,0,62713,0,2613
carried,Secp-false,P256-true,true,2,0,236,318977,1,4285
carried,Secp-false,P256-true,true,2,1,236,69677,0,20336
carried,Secp-false,P256-true,true,2,2,236,321877,1,3489
stored,Secp-false,P256-true,true,3,0,254,2830913,11,3148
stored,Secp-false,P256-true,true,3,1,0,64013,0,2704
stored,Secp-false,P256-true,true,3,2,0,64013,0,2227
carried,Secp-false,P256-true,true,3,0,312,317663,1,21824
carried,Secp-false,P256-true,true,3,1,312,68363,0,4943
carried,Secp-false,P256-true,true,3,2,312,68363,0,3033
stored,Secp-true,P256-false,false,0,0,243,306626,1,2564
stored,Secp-true,P256-false,false,0,1,0,41518,0,1708
stored,Secp-true,P256-false,false,0,2,0,41518,0,2116
carried,Secp-true,P256-false,false,0,0,298,52002,0,3007
carried,Secp-true,P256-false,false,0,1,298,52002,0,2597
carried,Secp-true,P256-false,false,0,2,298,52002,0,2359
stored,Secp-true,P256-false,false,1,0,271,809313,3,2472
stored,Secp-true,P256-false,false,1,1,0,44205,0,1767
stored,Secp-true,P256-false,false,1,2,0,44205,0,1723
carried,Secp-true,P256-false,false,1,0,326,318529,1,3400
carried,Secp-true,P256-false,false,1,1,326,71329,0,3552
carried,Secp-true,P256-false,false,1,2,326,71329,0,3611
stored,Secp-true,P256-false,false,2,0,272,809413,3,2634
stored,Secp-true,P256-false,false,2,1,0,44305,0,1923
stored,Secp-true,P256-false,false,2,2,0,44305,0,1780
carried,Secp-true,P256-false,false,2,0,326,321237,1,3721
carried,Secp-true,P256-false,false,2,1,326,74037,0,3842
carried,Secp-true,P256-false,false,2,2,326,324137,1,9664
stored,Secp-true,P256-false,false,3,0,344,2823513,11,3085
stored,Secp-true,P256-false,false,3,1,0,48405,0,2122
stored,Secp-true,P256-false,false,3,2,0,48405,0,1948
carried,Secp-true,P256-false,false,3,0,401,319553,1,4849
carried,Secp-true,P256-false,false,3,1,401,72353,0,4947
carried,Secp-true,P256-false,false,3,2,401,72353,0,4941
stored,Secp-true,P256-false,true,0,0,243,311426,1,2519
stored,Secp-true,P256-false,true,0,1,0,46318,0,2409
stored,Secp-true,P256-false,true,0,2,0,46318,0,2470
carried,Secp-true,P256-false,true,0,0,298,56702,0,3534
carried,Secp-true,P256-false,true,0,1,298,56702,0,3475
carried,Secp-true,P256-false,true,0,2,298,56702,0,3293
stored,Secp-true,P256-false,true,1,0,271,814113,3,3118
stored,Secp-true,P256-false,true,1,1,0,55805,0,2314
stored,Secp-true,P256-false,true,1,2,0,55805,0,2097
carried,Secp-true,P256-false,true,1,0,326,314775,1,3099
carried,Secp-true,P256-false,true,1,1,326,65475,0,2783
carried,Secp-true,P256-false,true,1,2,326,65475,0,2873
stored,Secp-true,P256-false,true,2,0,272,814213,3,2521
stored,Secp-true,P256-false,true,2,1,0,55905,0,1996
stored,Secp-true,P256-false,true,2,2,0,58705,0,9013
carried,Secp-true,P256-false,true,2,0,326,317129,1,2645
carried,Secp-true,P256-false,true,2,1,326,67829,0,2776
carried,Secp-true,P256-false,true,2,2,326,320029,1,2878
stored,Secp-true,P256-false,true,3,0,344,2828313,11,2889
stored,Secp-true,P256-false,true,3,1,0,60005,0,2438
stored,Secp-true,P256-false,true,3,2,0,60005,0,2038
carried,Secp-true,P256-false,true,3,0,401,315799,1,3732
carried,Secp-true,P256-false,true,3,1,401,66499,0,2709
carried,Secp-true,P256-false,true,3,2,401,66499,0,2438
stored,Secp-true,P256-true,false,0,0,243,310634,1,2483
stored,Secp-true,P256-true,false,0,1,0,45526,0,1832
stored,Secp-true,P256-true,false,0,2,0,45526,0,1690
carried,Secp-true,P256-true,false,0,0,298,56010,0,3241
carried,Secp-true,P256-true,false,0,1,298,56010,0,4945
carried,Secp-true,P256-true,false,0,2,298,56010,0,2785
stored,Secp-true,P256-true,false,1,0,271,813321,3,4208
stored,Secp-true,P256-true,false,1,1,0,48213,0,3454
stored,Secp-true,P256-true,false,1,2,0,48213,0,3235
carried,Secp-true,P256-true,false,1,0,326,322537,1,11913
carried,Secp-true,P256-true,false,1,1,326,75337,0,5097
carried,Secp-true,P256-true,false,1,2,326,75337,0,5165
stored,Secp-true,P256-true,false,2,0,272,813421,3,4114
stored,Secp-true,P256-true,false,2,1,0,48313,0,20068
stored,Secp-true,P256-true,false,2,2,0,48313,0,3211
carried,Secp-true,P256-true,false,2,0,326,325245,1,5690
carried,Secp-true,P256-true,false,2,1,326,78045,0,5686
carried,Secp-true,P256-true,false,2,2,326,328145,1,5737
stored,Secp-true,P256-true,false,3,0,344,2827521,11,3307
stored,Secp-true,P256-true,false,3,1,0,52413,0,2212
stored,Secp-true,P256-true,false,3,2,0,52413,0,2139
carried,Secp-true,P256-true,false,3,0,401,323561,1,3706
carried,Secp-true,P256-true,false,3,1,401,76361,0,3923
carried,Secp-true,P256-true,false,3,2,401,76361,0,3307
stored,Secp-true,P256-true,true,0,0,243,315434,1,2268
stored,Secp-true,P256-true,true,0,1,0,50326,0,1764
stored,Secp-true,P256-true,true,0,2,0,50326,0,2148
carried,Secp-true,P256-true,true,0,0,298,60710,0,2783
carried,Secp-true,P256-true,true,0,1,298,60710,0,2804
carried,Secp-true,P256-true,true,0,2,298,60710,0,2660
stored,Secp-true,P256-true,true,1,0,271,818121,3,3214
stored,Secp-true,P256-true,true,1,1,0,59813,0,3206
stored,Secp-true,P256-true,true,1,2,0,59813,0,3204
carried,Secp-true,P256-true,true,1,0,326,318783,1,16457
carried,Secp-true,P256-true,true,1,1,326,69483,0,4292
carried,Secp-true,P256-true,true,1,2,326,69483,0,3101
stored,Secp-true,P256-true,true,2,0,272,818221,3,3200
stored,Secp-true,P256-true,true,2,1,0,59913,0,2797
stored,Secp-true,P256-true,true,2,2,0,62713,0,3003
carried,Secp-true,P256-true,true,2,0,326,321137,1,17330
carried,Secp-true,P256-true,true,2,1,326,71837,0,3760
carried,Secp-true,P256-true,true,2,2,326,324037,1,4383
stored,Secp-true,P256-true,true,3,0,344,2832321,11,4287
stored,Secp-true,P256-true,true,3,1,0,64013,0,2940
stored,Secp-true,P256-true,true,3,2,0,64013,0,6158
carried,Secp-true,P256-true,true,3,0,401,319807,1,3641
carried,Secp-true,P256-true,true,3,1,401,70507,0,3125
carried,Secp-true,P256-true,true,3,2,401,70507,0,3073
stored,Secp-false,WebAuthn-false,false,0,0,154,307234,1,2047
stored,Secp-false,WebAuthn-false,false,0,1,0,43534,0,1694
stored,Secp-false,WebAuthn-false,false,0,2,0,43534,0,1477
carried,Secp-false,WebAuthn-false,false,0,0,208,51858,0,2533
carried,Secp-false,WebAuthn-false,false,0,1,208,51858,0,2170
carried,Secp-false,WebAuthn-false,false,0,2,208,51858,0,2107
stored,Secp-false,WebAuthn-false,false,1,0,181,809921,3,2142
stored,Secp-false,WebAuthn-false,false,1,1,0,46221,0,1656
stored,Secp-false,WebAuthn-false,false,1,2,0,46221,0,1586
carried,Secp-false,WebAuthn-false,false,1,0,236,318373,1,2940
carried,Secp-false,WebAuthn-false,false,1,1,236,71173,0,2900
carried,Secp-false,WebAuthn-false,false,1,2,236,71173,0,2888
stored,Secp-false,WebAuthn-false,false,2,0,182,810021,3,2285
stored,Secp-false,WebAuthn-false,false,2,1,0,46321,0,1709
stored,Secp-false,WebAuthn-false,false,2,2,0,46321,0,1615
carried,Secp-false,WebAuthn-false,false,2,0,236,321093,1,3530
carried,Secp-false,WebAuthn-false,false,2,1,236,73893,0,6894
carried,Secp-false,WebAuthn-false,false,2,2,236,323993,1,3736
stored,Secp-false,WebAuthn-false,false,3,0,254,2824121,11,2695
stored,Secp-false,WebAuthn-false,false,3,1,0,50421,0,2597
stored,Secp-false,WebAuthn-false,false,3,2,0,50421,0,1982
carried,Secp-false,WebAuthn-false,false,3,0,312,319425,1,3084
carried,Secp-false,WebAuthn-false,false,3,1,312,72225,0,3113
carried,Secp-false,WebAuthn-false,false,3,2,312,72225,0,3076
stored,Secp-false,WebAuthn-false,true,0,0,154,312034,1,3041
stored,Secp-false,WebAuthn-false,true,0,1,0,48334,0,2517
stored,Secp-false,WebAuthn-false,true,0,2,0,48334,0,2635
carried,Secp-false,WebAuthn-false,true,0,0,208,56558,0,3168
carried,Secp-false,WebAuthn-false,true,0,1,208,56558,0,3200
carried,Secp-false,WebAuthn-false,true,0,2,208,56558,0,3146
stored,Secp-false,WebAuthn-false,true,1,0,181,814721,3,3163
stored,Secp-false,WebAuthn-false,true,1,1,0,57821,0,2679
stored,Secp-false,WebAuthn-false,true,1,2,0,57821,0,2610
carried,Secp-false,WebAuthn-false,true,1,0,236,314619,1,3760
carried,Secp-false,WebAuthn-false,true,1,1,236,65319,0,3697
carried,Secp-false,WebAuthn-false,true,1,2,236,65319,0,3600
stored,Secp-false,WebAuthn-false,true,2,0,182,814821,3,2060
stored,Secp-false,WebAuthn-false,true,2,1,0,57921,0,1977
stored,Secp-false,WebAuthn-false,true,2,2,0,60721,0,2176
carried,Secp-false,WebAuthn-false,true,2,0,236,316985,1,2745
carried,Secp-false,WebAuthn-false,true,2,1,236,67685,0,2950
carried,Secp-false,WebAuthn-false,true,2,2,236,319885,1,2872
stored,Secp-false,WebAuthn-false,true,3,0,254,2828921,11,2400
stored,Secp-false,WebAuthn-false,true,3,1,0,62021,0,1642
stored,Secp-false,WebAuthn-false,true,3,2,0,62021,0,1747
carried,Secp-false,WebAuthn-false,true,3,0,312,315671,1,2560
carried,Secp-false,WebAuthn-false,true,3,1,312,66371,0,2498
carried,Secp-false,WebAuthn-false,true,3,2,312,66371,0,3031
stored,Secp-false,WebAuthn-true,false,0,0,154,311242,1,2374
stored,Secp-false,WebAuthn-true,false,0,1,0,47542,0,2146
stored,Secp-false,WebAuthn-true,false,0,2,0,47542,0,1796
carried,Secp-false,WebAuthn-true,false,0,0,208,55866,0,2657
carried,Secp-false,WebAuthn-true,false,0,1,208,55866,0,2701
carried,Secp-false,WebAuthn-true,false,0,2,208,55866,0,2869
stored,Secp-false,WebAuthn-true,false,1,0,181,813929,3,3311
stored,Secp-false,WebAuthn-true,false,1,1,0,50229,0,2546
stored,Secp-false,WebAuthn-true,false,1,2,0,50229,0,2418
carried,Secp-false,WebAuthn-true,false,1,0,236,322393,1,4951
carried,Secp-false,WebAuthn-true,false,1,1,236,75193,0,4829
carried,Secp-false,WebAuthn-true,false,1,2,236,75193,0,3992
stored,Secp-false,WebAuthn-true,false,2,0,182,814029,3,3212
stored,Secp-false,WebAuthn-true,false,2,1,0,50329,0,2617
stored,Secp-false,WebAuthn-true,false,2,2,0,50329,0,2771
carried,Secp-false,WebAuthn-true,false,2,0,236,325101,1,5853
carried,Secp-false,WebAuthn-true,false,2,1,236,77901,0,5743
carried,Secp-false,WebAuthn-true,false,2,2,236,328001,1,12905
stored,Secp-false,WebAuthn-true,false,3,0,254,2828129,11,4439
stored,Secp-false,WebAuthn-true,false,3,1,0,54429,0,10523
stored,Secp-false,WebAuthn-true,false,3,2,0,54429,0,3514
carried,Secp-false,WebAuthn-true,false,3,0,312,323433,1,3847
carried,Secp-false,WebAuthn-true,false,3,1,312,76233,0,3770
carried,Secp-false,WebAuthn-true,false,3,2,312,76233,0,3746
stored,Secp-false,WebAuthn-true,true,0,0,154,316042,1,2551
stored,Secp-false,WebAuthn-true,true,0,1,0,52342,0,2082
stored,Secp-false,WebAuthn-true,true,0,2,0,52342,0,2362
carried,Secp-false,WebAuthn-true,true,0,0,208,60566,0,3689
carried,Secp-false,WebAuthn-true,true,0,1,208,60566,0,3100
carried,Secp-false,WebAuthn-true,true,0,2,208,60566,0,3524
stored,Secp-false,WebAuthn-true,true,1,0,181,818729,3,3637
stored,Secp-false,WebAuthn-true,true,1,1,0,61829,0,3002
stored,Secp-false,WebAuthn-true,true,1,2,0,61829,0,2664
carried,Secp-false,WebAuthn-true,true,1,0,236,318639,1,3268
carried,Secp-false,WebAuthn-true,true,1,1,236,69339,0,3368
carried,Secp-false,WebAuthn-true,true,1,2,236,69339,0,3405
stored,Secp-false,WebAuthn-true,true,2,0,182,818829,3,3630
stored,Secp-false,WebAuthn-true,true,2,1,0,61929,0,2828
stored,Secp-false,WebAuthn-true,true,2,2,0,64729,0,2680
carried,Secp-false,WebAuthn-true,true,2,0,236,320993,1,3410
carried,Secp-false,WebAuthn-true,true,2,1,236,71693,0,4111
carried,Secp-false,WebAuthn-true,true,2,2,236,323893,1,4392
stored,Secp-false,WebAuthn-true,true,3,0,254,2832929,11,4173
stored,Secp-false,WebAuthn-true,true,3,1,0,66029,0,3090
stored,Secp-false,WebAuthn-true,true,3,2,0,66029,0,3123
carried,Secp-false,WebAuthn-true,true,3,0,312,319679,1,4541
carried,Secp-false,WebAuthn-true,true,3,1,312,70379,0,4055
carried,Secp-false,WebAuthn-true,true,3,2,312,70379,0,4641
stored,Secp-true,WebAuthn-false,false,0,0,243,308642,1,2463
stored,Secp-true,WebAuthn-false,false,0,1,0,43534,0,1567
stored,Secp-true,WebAuthn-false,false,0,2,0,43534,0,1511
carried,Secp-true,WebAuthn-false,false,0,0,298,54018,0,5684
carried,Secp-true,WebAuthn-false,false,0,1,298,54018,0,3284
carried,Secp-true,WebAuthn-false,false,0,2,298,54018,0,2277
stored,Secp-true,WebAuthn-false,false,1,0,271,811329,3,2315
stored,Secp-true,WebAuthn-false,false,1,1,0,46221,0,1640
stored,Secp-true,WebAuthn-false,false,1,2,0,46221,0,1698
carried,Secp-true,WebAuthn-false,false,1,0,326,320545,1,4812
carried,Secp-true,WebAuthn-false,false,1,1,326,73345,0,21449
carried,Secp-true,WebAuthn-false,false,1,2,326,73345,0,4792
stored,Secp-true,WebAuthn-false,false,2,0,272,811429,3,3844
stored,Secp-true,WebAuthn-false,false,2,1,0,46321,0,3003
stored,Secp-true,WebAuthn-false,false,2,2,0,46321,0,2723
carried,Secp-true,WebAuthn-false,false,2,0,326,323241,1,4071
carried,Secp-true,WebAuthn-false,false,2,1,326,76041,0,4167
carried,Secp-true,WebAuthn-false,false,2,2,326,326141,1,3852
stored,Secp-true,WebAuthn-false,false,3,0,344,2825529,11,9368
stored,Secp-true,WebAuthn-false,false,3,1,0,50421,0,1958
stored,Secp-true,WebAuthn-false,false,3,2,0,50421,0,2207
carried,Secp-true,WebAuthn-false,false,3,0,401,321545,1,3523
carried,Secp-true,WebAuthn-false,false,3,1,401,74345,0,3476
carried,Secp-true,WebAuthn-false,false,3,2,401,74345,0,3316
stored,Secp-true,WebAuthn-false,true,0,0,243,313442,1,2145
stored,Secp-true,WebAuthn-false,true,0,1,0,48334,0,1580
stored,Secp-true,WebAuthn-false,true,0,2,0,48334,0,1459
carried,Secp-true,WebAuthn-false,true,0,0,298,58718,0,2735
carried,Secp-true,WebAuthn-false,true,0,1,298,58718,0,2803
carried,Secp-true,WebAuthn-false,true,0,2,298,58718,0,3032
stored,Secp-true,WebAuthn-false,true,1,0,271,816129,3,2995
stored,Secp-true,WebAuthn-false,true,1,1,0,57821,0,1675
stored,Secp-true,WebAuthn-false,true,1,2,0,57821,0,1852
carried,Secp-true,WebAuthn-false,true,1,0,326,316791,1,3700
carried,Secp-true,WebAuthn-false,true,1,1,326,67491,0,3726
carried,Secp-true,WebAuthn-false,true,1,2,326,67491,0,3723
stored,Secp-true,WebAuthn-false,true,2,0,272,816229,3,2472
stored,Secp-true,WebAuthn-false,true,2,1,0,57921,0,1639
stored,Secp-true,WebAuthn-false,true,2,2,0,60721,0,1535
carried,Secp-true,WebAuthn-false,true,2,0,326,319133,1,2984
carried,Secp-true,WebAuthn-false,true,2,1,326,69833,0,3184
carried,Secp-true,WebAuthn-false,true,2,2,326,322033,1,4871
stored,Secp-true,WebAuthn-false,true,3,0,344,2830329,11,2854
stored,Secp-true,WebAuthn-false,true,3,1,0,62021,0,1883
stored,Secp-true,WebAuthn-false,true,3,2,0,62021,0,2400
carried,Secp-true,WebAuthn-false,true,3,0,401,317791,1,3345
carried,Secp-true,WebAuthn-false,true,3,1,401,68491,0,3234
carried,Secp-true,WebAuthn-false,true,3,2,401,68491,0,2984
stored,Secp-true,WebAuthn-true,false,0,0,243,312650,1,2794
stored,Secp-true,WebAuthn-true,false,0,1,0,47542,0,2137
stored,Secp-true,WebAuthn-true,false,0,2,0,47542,0,2166
carried,Secp-true,WebAuthn-true,false,0,0,298,58026,0,4276
carried,Secp-true,WebAuthn-true,false,0,1,298,58026,0,3503
carried,Secp-true,WebAuthn-true,false,0,2,298,58026,0,3382
stored,Secp-true,WebAuthn-true,false,1,0,271,815337,3,3122
stored,Secp-true,WebAuthn-true,false,1,1,0,50229,0,2508
stored,Secp-true,WebAuthn-true,false,1,2,0,50229,0,2869
carried,Secp-true,WebAuthn-true,false,1,0,326,324553,1,4730
carried,Secp-true,WebAuthn-true,false,1,1,326,77353,0,5891
carried,Secp-true,WebAuthn-true,false,1,2,326,77353,0,5290
stored,Secp-true,WebAuthn-true,false,2,0,272,815437,3,4293
stored,Secp-true,WebAuthn-true,false,2,1,0,50329,0,3418
stored,Secp-true,WebAuthn-true,false,2,2,0,50329,0,3376
carried,Secp-true,WebAuthn-true,false,2,0,326,327261,1,19981
carried,Secp-true,WebAuthn-true,false,2,1,326,80061,0,16756
carried,Secp-true,WebAuthn-true,false,2,2,326,330161,1,4555
stored,Secp-true,WebAuthn-true,false,3,0,344,2829537,11,4551
stored,Secp-true,WebAuthn-true,false,3,1,0,54429,0,2803
stored,Secp-true,WebAuthn-true,false,3,2,0,54429,0,3515
carried,Secp-true,WebAuthn-true,false,3,0,401,325577,1,4090
carried,Secp-true,WebAuthn-true,false,3,1,401,78377,0,5081
carried,Secp-true,WebAuthn-true,false,3,2,401,78377,0,5066
stored,Secp-true,WebAuthn-true,true,0,0,243,317450,1,3239
stored,Secp-true,WebAuthn-true,true,0,1,0,52342,0,2722
stored,Secp-true,WebAuthn-true,true,0,2,0,52342,0,11474
carried,Secp-true,WebAuthn-true,true,0,0,298,62726,0,3647
carried,Secp-true,WebAuthn-true,true,0,1,298,62726,0,3746
carried,Secp-true,WebAuthn-true,true,0,2,298,62726,0,3773
stored,Secp-true,WebAuthn-true,true,1,0,271,820137,3,3822
stored,Secp-true,WebAuthn-true,true,1,1,0,61829,0,2377
stored,Secp-true,WebAuthn-true,true,1,2,0,61829,0,2763
carried,Secp-true,WebAuthn-true,true,1,0,326,320799,1,2993
carried,Secp-true,WebAuthn-true,true,1,1,326,71499,0,2861
carried,Secp-true,WebAuthn-true,true,1,2,326,71499,0,3820
stored,Secp-true,WebAuthn-true,true,2,0,272,820237,3,2673
stored,Secp-true,WebAuthn-true,true,2,1,0,61929,0,1831
stored,Secp-true,WebAuthn-true,true,2,2,0,64729,0,1677
carried,Secp-true,WebAuthn-true,true,2,0,326,323153,1,3125
carried,Secp-true,WebAuthn-true,true,2,1,326,73853,0,3845
carried,Secp-true,WebAuthn-true,true,2,2,326,326053,1,16514
stored,Secp-true,WebAuthn-true,true,3,0,344,2834337,11,3233
stored,Secp-true,WebAuthn-true,true,3,1,0,66029,0,3081
stored,Secp-true,WebAuthn-true,true,3,2,0,66029,0,2977
carried,Secp-true,WebAuthn-true,true,3,0,401,321823,1,4301
carried,Secp-true,WebAuthn-true,true,3,1,401,72523,0,6553
carried,Secp-true,WebAuthn-true,true,3,2,401,72523,0,9213
stored,P256-false,Secp-false,false,0,0,219,305218,1,3080
stored,P256-false,Secp-false,false,0,1,0,36518,0,2610
stored,P256-false,Secp-false,false,0,2,0,36518,0,2681
carried,P256-false,Secp-false,false,0,0,274,51034,0,8795
carried,P256-false,Secp-false,false,0,1,274,51034,0,4027
carried,P256-false,Secp-false,false,0,2,274,51034,0,4287
stored,P256-false,Secp-false,false,1,0,246,807905,3,3210
stored,P256-false,Secp-false,false,1,1,0,39205,0,2652
stored,P256-false,Secp-false,false,1,2,0,39205,0,3581
carried,P256-false,Secp-false,false,1,0,302,317561,1,16213
carried,P256-false,Secp-false,false,1,1,302,70361,0,4035
carried,P256-false,Secp-false,false,1,2,302,70361,0,3313
stored,P256-false,Secp-false,false,2,0,247,808005,3,2237
stored,P256-false,Secp-false,false,2,1,0,39305,0,1892
stored,P256-false,Secp-false,false,2,2,0,39305,0,1686
carried,P256-false,Secp-false,false,2,0,302,320281,1,3480
carried,P256-false,Secp-false,false,2,1,302,73081,0,3278
carried,P256-false,Secp-false,false,2,2,302,323181,1,3271
stored,P256-false,Secp-false,false,3,0,320,2822105,11,2615
stored,P256-false,Secp-false,false,3,1,0,43405,0,2002
stored,P256-false,Secp-false,false,3,2,0,43405,0,2228
carried,P256-false,Secp-false,false,3,0,377,318597,1,3333
carried,P256-false,Secp-false,false,3,1,377,71397,0,3245
carried,P256-false,Secp-false,false,3,2,377,71397,0,3106
stored,P256-false,Secp-false,true,0,0,219,310018,1,2867
stored,P256-false,Secp-false,true,0,1,0,41318,0,2015
stored,P256-false,Secp-false,true,0,2,0,41318,0,2157
carried,P256-false,Secp-false,true,0,0,274,55734,0,3061
carried,P256-false,Secp-false,true,0,1,274,55734,0,2674
carried,P256-false,Secp-false,true,0,2,274,55734,0,2689
stored,P256-false,Secp-false,true,1,0,246,812705,3,3117
stored,P256-false,Secp-false,true,1,1,0,50805,0,2008
stored,P256-false,Secp-false,true,1,2,0,50805,0,2051
carried,P256-false,Secp-false,true,1,0,302,313807,1,3507
carried,P256-false,Secp-false,true,1,1,302,64507,0,3526
carried,P256-false,Secp-false,true,1,2,302,64507,0,6566
stored,P256-false,Secp-false,true,2,0,247,812805,3,3059
stored,P256-false,Secp-false,true,2,1,0,50905,0,2751
stored,P256-false,Secp-false,true,2,2,0,53705,0,2716
carried,P256-false,Secp-false,true,2,0,302,316173,1,3777
carried,P256-false,Secp-false,true,2,1,302,66873,0,3587
carried,P256-false,Secp-false,true,2,2,302,319073,1,3543
stored,P256-false,Secp-false,true,3,0,320,2826905,11,3089
stored,P256-false,Secp-false,true,3,1,0,55005,0,2507
stored,P256-false,Secp-false,true,3,2,0,55005,0,2545
carried,P256-false,Secp-false,true,3,0,377,314843,1,3561
carried,P256-false,Secp-false,true,3,1,377,65543,0,3602
carried,P256-false,Secp-false,true,3,2,377,65543,0,3558
stored,P256-false,Secp-true,false,0,0,219,309226,1,2784
stored,P256-false,Secp-true,false,0,1,0,40526,0,2207
stored,P256-false,Secp-true,false,0,2,0,40526,0,2164
carried,P256-false,Secp-true,false,0,0,274,55042,0,2838
carried,P256-false,Secp-true,false,0,1,274,55042,0,2708
carried,P256-false,Secp-true,false,0,2,274,55042,0,2684
stored,P256-false,Secp-true,false,1,0,246,811913,3,2883
stored,P256-false,Secp-true,false,1,1,0,43213,0,2487
stored,P256-false,Secp-true,false,1,2,0,43213,0,2688
carried,P256-false,Secp-true,false,1,0,302,321581,1,5203
carried,P256-false,Secp-true,false,1,1,302,74381,0,4744
carried,P256-false,Secp-true,false,1,2,302,74381,0,4864
stored,P256-false,Secp-true,false,2,0,247,812013,3,3174
stored,P256-false,Secp-true,false,2,1,0,43313,0,3390
stored,P256-false,Secp-true,false,2,2,0,43313,0,19075
carried,P256-false,Secp-true,false,2,0,302,324289,1,5496
carried,P256-false,Secp-true,false,2,1,302,77089,0,5013
carried,P256-false,Secp-true,false,2,2,302,327189,1,5078
stored,P256-false,Secp-true,false,3,0,320,2826113,11,3932
stored,P256-false,Secp-true,false,3,1,0,47413,0,2941
stored,P256-false,Secp-true,false,3,2,0,47413,0,2349
carried,P256-false,Secp-true,false,3,0,377,322581,1,3771
carried,P256-false,Secp-true,false,3,1,377,75381,0,3590
carried,P256-false,Secp-true,false,3,2,377,75381,0,3492
stored,P256-false,Secp-true,true,0,0,219,314026,1,3289
stored,P256-false,Secp-true,true,0,1,0,45326,0,2487
stored,P256-false,Secp-true,true,0,2,0,45326,0,6008
carried,P256-false,Secp-true,true,0,0,274,59742,0,2807
carried,P256-false,Secp-true,true,0,1,274,59742,0,2656
carried,P256-false,Secp-true,true,0,2,274,59742,0,3102
stored,P256-false,Secp-true,true,1,0,246,816713,3,21493
stored,P256-false,Secp-true,true,1,1,0,54813,0,2807
stored,P256-false,Secp-true,true,1,2,0,54813,0,2922
carried,P256-false,Secp-true,true,1,0,302,317827,1,4150
carried,P256-false,Secp-true,true,1,1,302,68527,0,4055
carried,P256-false,Secp-true,true,1,2,302,68527,0,4137
stored,P256-false,Secp-true,true,2,0,247,816813,3,3657
stored,P256-false,Secp-true,true,2,1,0,54913,0,3158
stored,P256-false,Secp-true,true,2,2,0,57713,0,3173
carried,P256-false,Secp-true,true,2,0,302,320181,1,4097
carried,P256-false,Secp-true,true,2,1,302,70881,0,4541
carried,P256-false,Secp-true,true,2,2,302,323081,1,4223
stored,P256-false,Secp-true,true,3,0,320,2830913,11,3947
stored,P256-false,Secp-true,true,3,1,0,59013,0,11979
stored,P256-false,Secp-true,true,3,2,0,59013,0,3161
carried,P256-false,Secp-true,true,3,0,377,318827,1,4168
carried,P256-false,Secp-true,true,3,1,377,69527,0,4606
carried,P256-false,Secp-true,true,3,2,377,69527,0,4231
stored,P256-true,Secp-false,false,0,0,309,306626,1,5468
stored,P256-true,Secp-false,false,0,1,0,36518,0,2708
stored,P256-true,Secp-false,false,0,2,0,36518,0,2508
carried,P256-true,Secp-false,false,0,0,363,53190,0,3554
carried,P256-true,Secp-false,false,0,1,363,53190,0,3538
carried,P256-true,Secp-false,false,0,2,363,53190,0,21985
stored,P256-true,Secp-false,false,1,0,336,809313,3,3547
stored,P256-true,Secp-false,false,1,1,0,39205,0,3015
stored,P256-true,Secp-false,false,1,2,0,39205,0,3306
carried,P256-true,Secp-false,false,1,0,391,319717,1,4995
carried,P256-true,Secp-false,false,1,1,391,72517,0,17464
carried,P256-true,Secp-false,false,1,2,391,72517,0,7948
stored,P256-true,Secp-false,false,2,0,337,809413,3,2942
stored,P256-true,Secp-false,false,2,1,0,39305,0,1830
stored,P256-true,Secp-false,false,2,2,0,39305,0,1798
carried,P256-true,Secp-false,false,2,0,391,322425,1,5300
carried,P256-true,Secp-false,false,2,1,391,75225,0,20784
carried,P256-true,Secp-false,false,2,2,391,325325,1,3871
stored,P256-true,Secp-false,false,3,0,409,2823513,11,3029
stored,P256-true,Secp-false,false,3,1,0,43405,0,2021
stored,P256-true,Secp-false,false,3,2,0,43405,0,1724
carried,P256-true,Secp-false,false,3,0,466,320741,1,3828
carried,P256-true,Secp-false,false,3,1,466,73541,0,4521
carried,P256-true,Secp-false,false,3,2,466,73541,0,3613
stored,P256-true,Secp-false,true,0,0,309,311426,1,2163
stored,P256-true,Secp-false,true,0,1,0,41318,0,1974
stored,P256-true,Secp-false,true,0,2,0,41318,0,2180
carried,P256-true,Secp-false,true,0,0,363,57890,0,2765
carried,P256-true,Secp-false,true,0,1,363,57890,0,2717
carried,P256-true,Secp-false,true,0,2,363,57890,0,19032
stored,P256-true,Secp-false,true,1,0,336,814113,3,3144
stored,P256-true,Secp-false,true,1,1,0,50805,0,2563
stored,P256-true,Secp-false,true,1,2,0,50805,0,2300
carried,P256-true,Secp-false,true,1,0,391,315963,1,3692
carried,P256-true,Secp-false,true,1,1,391,66663,0,3807
carried,P256-true,Secp-false,true,1,2,391,66663,0,3837
stored,P256-true,Secp-false,true,2,0,337,814213,3,3205
stored,P256-true,Secp-false,true,2,1,0,50905,0,2685
stored,P256-true,Secp-false,true,2,2,0,53705,0,2610
carried,P256-true,Secp-false,true,2,0,391,318317,1,3996
carried,P256-true,Secp-false,true,2,1,391,69017,0,3210
carried,P256-true,Secp-false,true,2,2,391,321217,1,3754
stored,P256-true,Secp-false,true,3,0,409,2828313,11,3604
stored,P256-true,Secp-false,true,3,1,0,55005,0,2492
stored,P256-true,Secp-false,true,3,2,0,55005,0,1885
carried,P256-true,Secp-false,true,3,0,466,316987,1,3682
carried,P256-true,Secp-false,true,3,1,466,67687,0,2838
carried,P256-true,Secp-false,true,3,2,466,67687,0,2652
stored,P256-true,Secp-true,false,0,0,309,310634,1,3992
stored,P256-true,Secp-true,false,0,1,0,40526,0,3258
stored,P256-true,Secp-true,false,0,2,0,40526,0,3088
carried,P256-true,Secp-true,false,0,0,363,57198,0,4118
carried,P256-true,Secp-true,false,0,1,363,57198,0,4993
carried,P256-true,Secp-true,false,0,2,363,57198,0,5118
stored,P256-true,Secp-true,false,1,0,336,813321,3,5008
stored,P256-true,Secp-true,false,1,1,0,43213,0,9579
stored,P256-true,Secp-true,false,1,2,0,43213,0,3720
carried,P256-true,Secp-true,false,1,0,391,323725,1,5112
carried,P256-true,Secp-true,false,1,1,391,76525,0,6545
carried,P256-true,Secp-true,false,1,2,391,76525,0,5840
stored,P256-true,Secp-true,false,2,0,337,813421,3,3393
stored,P256-true,Secp-true,false,2,1,0,43313,0,3536
stored,P256-true,Secp-true,false,2,2,0,43313,0,2810
carried,P256-true,Secp-true,false,2,0,391,326433,1,5165
carried,P256-true,Secp-true,false,2,1,391,79233,0,4463
carried,P256-true,Secp-true,false,2,2,391,329333,1,6168
stored,P256-true,Secp-true,false,3,0,409,2827521,11,5398
stored,P256-true,Secp-true,false,3,1,0,47413,0,3579
stored,P256-true,Secp-true,false,3,2,0,47413,0,3435
carried,P256-true,Secp-true,false,3,0,466,324749,1,4295
carried,P256-true,Secp-true,false,3,1,466,77549,0,5198
carried,P256-true,Secp-true,false,3,2,466,77549,0,13659
stored,P256-true,Secp-true,true,0,0,309,315434,1,3427
stored,P256-true,Secp-true,true,0,1,0,45326,0,2702
stored,P256-true,Secp-true,true,0,2,0,45326,0,2864
carried,P256-true,Secp-true,true,0,0,363,61898,0,16695
carried,P256-true,Secp-true,true,0,1,363,61898,0,3419
carried,P256-true,Secp-true,true,0,2,363,61898,0,3107
stored,P256-true,Secp-true,true,1,0,336,818121,3,4773
stored,P256-true,Secp-true,true,1,1,0,54813,0,3208
stored,P256-true,Secp-true,true,1,2,0,54813,0,5110
carried,P256-true,Secp-true,true,1,0,391,319971,1,4105
carried,P256-true,Secp-true,true,1,1,391,70671,0,4713
carried,P256-true,Secp-true,true,1,2,391,70671,0,5151
stored,P256-true,Secp-true,true,2,0,337,818221,3,3740
stored,P256-true,Secp-true,true,2,1,0,54913,0,3146
stored,P256-true,Secp-true,true,2,2,0,57713,0,3125
carried,P256-true,Secp-true,true,2,0,391,322325,1,4531
carried,P256-true,Secp-true,true,2,1,391,73025,0,4226
carried,P256-true,Secp-true,true,2,2,391,325225,1,4497
stored,P256-true,Secp-true,true,3,0,409,2832321,11,3193
stored,P256-true,Secp-true,true,3,1,0,59013,0,3074
stored,P256-true,Secp-true,true,3,2,0,59013,0,2371
carried,P256-true,Secp-true,true,3,0,466,320995,1,3132
carried,P256-true,Secp-true,true,3,1,466,71695,0,3122
carried,P256-true,Secp-true,true,3,2,466,71695,0,3024
stored,P256-false,P256-false,false,0,0,219,310218,1,2315
stored,P256-false,P256-false,false,0,1,0,41518,0,10588
stored,P256-false,P256-false,false,0,2,0,41518,0,2354
carried,P256-false,P256-false,false,0,0,274,56046,0,3458
carried,P256-false,P256-false,false,0,1,274,56046,0,3215
carried,P256-false,P256-false,false,0,2,274,56046,0,3371
stored,P256-false,P256-false,false,1,0,246,812905,3,2670
stored,P256-false,P256-false,false,1,1,0,44205,0,3068
stored,P256-false,P256-false,false,1,2,0,44205,0,3084
carried,P256-false,P256-false,false,1,0,302,322573,1,10494
carried,P256-false,P256-false,false,1,1,302,75373,0,4953
carried,P256-false,P256-false,false,1,2,302,75373,0,4633
stored,P256-false,P256-false,false,2,0,247,813005,3,6232
stored,P256-false,P256-false,false,2,1,0,44305,0,1998
stored,P256-false,P256-false,false,2,2,0,44305,0,2906
carried,P256-false,P256-false,false,2,0,302,325257,1,6251
carried,P256-false,P256-false,false,2,1,302,78057,0,4473
carried,P256-false,P256-false,false,2,2,302,328157,1,5225
stored,P256-false,P256-false,false,3,0,320,2827105,11,2919
stored,P256-false,P256-false,false,3,1,0,48405,0,2073
stored,P256-false,P256-false,false,3,2,0,48405,0,1918
carried,P256-false,P256-false,false,3,0,377,323597,1,3153
carried,P256-false,P256-false,false,3,1,377,76397,0,3262
carried,P256-false,P256-false,false,3,2,377,76397,0,3374
stored,P256-false,P256-false,true,0,0,219,315018,1,2706
stored,P256-false,P256-false,true,0,1,0,46318,0,1975
stored,P256-false,P256-false,true,0,2,0,46318,0,1712
carried,P256-false,P256-false,true,0,0,274,60746,0,2581
carried,P256-false,P256-false,true,0,1,274,60746,0,2972
carried,P256-false,P256-false,true,0,2,274,60746,0,3059
stored,P256-false,P256-false,true,1,0,246,817705,3,3069
stored,P256-false,P256-false,true,1,1,0,55805,0,2150
stored,P256-false,P256-false,true,1,2,0,55805,0,2539
carried,P256-false,P256-false,true,1,0,302,318819,1,3394
carried,P256-false,P256-false,true,1,1,302,69519,0,3671
carried,P256-false,P256-false,true,1,2,302,69519,0,4264
stored,P256-false,P256-false,true,2,0,247,817805,3,3027
stored,P256-false,P256-false,true,2,1,0,55905,0,2587
stored,P256-false,P256-false,true,2,2,0,58705,0,2594
carried,P256-false,P256-false,true,2,0,302,321149,1,6074
carried,P256-false,P256-false,true,2,1,302,71849,0,3640
carried,P256-false,P256-false,true,2,2,302,324049,1,6603
stored,P256-false,P256-false,true,3,0,320,2831905,11,3190
stored,P256-false,P256-false,true,3,1,0,60005,0,2707
stored,P256-false,P256-false,true,3,2,0,60005,0,2721
carried,P256-false,P256-false,true,3,0,377,319843,1,3717
carried,P256-false,P256-false,true,3,1,377,70543,0,2844
carried,P256-false,P256-false,true,3,2,377,70543,0,3098
stored,P256-false,P256-true,false,0,0,219,314226,1,3470
stored,P256-false,P256-true,false,0,1,0,45526,0,3110
stored,P256-false,P256-true,false,0,2,0,45526,0,3106
carried,P256-false,P256-true,false,0,0,274,60042,0,7309
carried,P256-false,P256-true,false,0,1,274,60042,0,3969
carried,P256-false,P256-true,false,0,2,274,60042,0,3687
stored,P256-false,P256-true,false,1,0,246,816913,3,15473
stored,P256-false,P256-true,false,1,1,0,48213,0,3484
stored,P256-false,P256-true,false,1,2,0,48213,0,3752
carried,P256-false,P256-true,false,1,0,302,326581,1,5005
carried,P256-false,P256-true,false,1,1,302,79381,0,5056
carried,P256-false,P256-true,false,1,2,302,79381,0,5397
stored,P256-false,P256-true,false,2,0,247,817013,3,3651
stored,P256-false,P256-true,false,2,1,0,48313,0,2512
stored,P256-false,P256-true,false,2,2,0,48313,0,2767
carried,P256-false,P256-true,false,2,0,302,329289,1,5334
carried,P256-false,P256-true,false,2,1,302,82089,0,3831
carried,P256-false,P256-true,false,2,2,302,332189,1,13116
stored,P256-false,P256-true,false,3,0,320,2831113,11,3164
stored,P256-false,P256-true,false,3,1,0,52413,0,2584
stored,P256-false,P256-true,false,3,2,0,52413,0,2544
carried,P256-false,P256-true,false,3,0,377,327593,1,3274
carried,P256-false,P256-true,false,3,1,377,80393,0,16406
carried,P256-false,P256-true,false,3,2,377,80393,0,10506
stored,P256-false,P256-true,true,0,0,219,319026,1,2499
stored,P256-false,P256-true,true,0,1,0,50326,0,2731
stored,P256-false,P256-true,true,0,2,0,50326,0,2086
carried,P256-false,P256-true,true,0,0,274,64742,0,10262
carried,P256-false,P256-true,true,0,1,274,64742,0,3430
carried,P256-false,P256-true,true,0,2,274,64742,0,3332
stored,P256-false,P256-true,true,1,0,246,821713,3,3478
stored,P256-false,P256-true,true,1,1,0,59813,0,2986
stored,P256-false,P256-true,true,1,2,0,59813,0,3065
carried,P256-false,P256-true,true,1,0,302,322827,1,2911
carried,P256-false,P256-true,true,1,1,302,73527,0,2822
carried,P256-false,P256-true,true,1,2,302,73527,0,2847
stored,P256-false,P256-true,true,2,0,247,821813,3,3399
stored,P256-false,P256-true,true,2,1,0,59913,0,2720
stored,P256-false,P256-true,true,2,2,0,62713,0,2672
carried,P256-false,P256-true,true,2,0,302,325181,1,5572
carried,P256-false,P256-true,true,2,1,302,75881,0,3279
carried,P256-false,P256-true,true,2,2,302,328081,1,2702
stored,P256-false,P256-true,true,3,0,320,2835913,11,2746
stored,P256-false,P256-true,true,3,1,0,64013,0,2197
stored,P256-false,P256-true,true,3,2,0,64013,0,2207
carried,P256-false,P256-true,true,3,0,377,323839,1,3717
carried,P256-false,P256-true,true,3,1,377,74539,0,2990
carried,P256-false,P256-true,true,3,2,377,74539,0,3037
stored,P256-true,P256-false,false,0,0,309,311626,1,20144
stored,P256-true,P256-false,false,0,1,0,41518,0,2508
stored,P256-true,P256-false,false,0,2,0,41518,0,2556
carried,P256-true,P256-false,false,0,0,363,58178,0,3478
carried,P256-true,P256-false,false,0,1,363,58178,0,3528
carried,P256-true,P256-false,false,0,2,363,58178,0,3467
stored,P256-true,P256-false,false,1,0,336,814313,3,3822
stored,P256-true,P256-false,false,1,1,0,44205,0,2719
stored,P256-true,P256-false,false,1,2,0,44205,0,2219
carried,P256-true,P256-false,false,1,0,391,324717,1,3250
carried,P256-true,P256-false,false,1,1,391,77517,0,3117
carried,P256-true,P256-false,false,1,2,391,77517,0,3128
stored,P256-true,P256-false,false,2,0,337,814413,3,2760
stored,P256-true,P256-false,false,2,1,0,44305,0,1726
stored,P256-true,P256-false,false,2,2,0,44305,0,1501
carried,P256-true,P256-false,false,2,0,391,327425,1,3436
carried,P256-true,P256-false,false,2,1,391,80225,0,3944
carried,P256-true,P256-false,false,2,2,391,330325,1,3594
stored,P256-true,P256-false,false,3,0,409,2828513,11,2997
stored,P256-true,P256-false,false,3,1,0,48405,0,2253
stored,P256-true,P256-false,false,3,2,0,48405,0,2946
carried,P256-true,P256-false,false,3,0,466,325741,1,4410
carried,P256-true,P256-false,false,3,1,466,78541,0,4948
carried,P256-true,P256-false,false,3,2,466,78541,0,4897
stored,P256-true,P256-false,true,0,0,309,316426,1,3114
stored,P256-true,P256-false,true,0,1,0,46318,0,2419
stored,P256-true,P256-false,true,0,2,0,46318,0,2367
carried,P256-true,P256-false,true,0,0,363,62878,0,3431
carried,P256-true,P256-false,true,0,1,363,62878,0,3184
carried,P256-true,P256-false,true,0,2,363,62878,0,9555
stored,P256-true,P256-false,true,1,0,336,819113,3,2763
stored,P256-true,P256-false,true,1,1,0,55805,0,1908
stored,P256-true,P256-false,true,1,2,0,55805,0,1903
carried,P256-true,P256-false,true,1,0,391,320963,1,3518
carried,P256-true,P256-false,true,1,1,391,71663,0,2676
carried,P256-true,P256-false,true,1,2,391,71663,0,2635
stored,P256-true,P256-false,true,2,0,337,819213,3,2725
stored,P256-true,P256-false,true,2,1,0,55905,0,1964
stored,P256-true,P256-false,true,2,2,0,58705,0,2241
carried,P256-true,P256-false,true,2,0,391,323317,1,3976
carried,P256-true,P256-false,true,2,1,391,74017,0,3734
carried,P256-true,P256-false,true,2,2,391,326217,1,2958
stored,P256-true,P256-false,true,3,0,409,2833313,11,2671
stored,P256-true,P256-false,true,3,1,0,60005,0,1961
stored,P256-true,P256-false,true,3,2,0,60005,0,2101
carried,P256-true,P256-false,true,3,0,466,321987,1,3953
carried,P256-true,P256-false,true,3,1,466,72687,0,3871
carried,P256-true,P256-false,true,3,2,466,72687,0,3733
stored,P256-true,P256-true,false,0,0,309,315634,1,3240
stored,P256-true,P256-true,false,0,1,0,45526,0,2172
stored,P256-true,P256-true,false,0,2,0,45526,0,2851
carried,P256-true,P256-true,false,0,0,363,62198,0,3881
carried,P256-true,P256-true,false,0,1,363,62198,0,3829
carried,P256-true,P256-true,false,0,2,363,62198,0,3258
stored,P256-true,P256-true,false,1,0,336,818321,3,3047
stored,P256-true,P256-true,false,1,1,0,48213,0,2279
stored,P256-true,P256-true,false,1,2,0,48213,0,2715
carried,P256-true,P256-true,false,1,0,391,328725,1,16715
carried,P256-true,P256-true,false,1,1,391,81525,0,3702
carried,P256-true,P256-true,false,1,2,391,81525,0,4071
stored,P256-true,P256-true,false,2,0,337,818421,3,4012
stored,P256-true,P256-true,false,2,1,0,48313,0,3290
stored,P256-true,P256-true,false,2,2,0,48313,0,16342
carried,P256-true,P256-true,false,2,0,391,331433,1,5798
carried,P256-true,P256-true,false,2,1,391,84233,0,4063
carried,P256-true,P256-true,false,2,2,391,334333,1,4077
stored,P256-true,P256-true,false,3,0,409,2832521,11,3686
stored,P256-true,P256-true,false,3,1,0,52413,0,3542
stored,P256-true,P256-true,false,3,2,0,52413,0,2609
carried,P256-true,P256-true,false,3,0,466,329737,1,3609
carried,P256-true,P256-true,false,3,1,466,82537,0,4123
carried,P256-true,P256-true,false,3,2,466,82537,0,4408
stored,P256-true,P256-true,true,0,0,309,320434,1,3223
stored,P256-true,P256-true,true,0,1,0,50326,0,2175
stored,P256-true,P256-true,true,0,2,0,50326,0,2066
carried,P256-true,P256-true,true,0,0,363,66898,0,2605
carried,P256-true,P256-true,true,0,1,363,66898,0,2506
carried,P256-true,P256-true,true,0,2,363,66898,0,20033
stored,P256-true,P256-true,true,1,0,336,823121,3,3293
stored,P256-true,P256-true,true,1,1,0,59813,0,2448
stored,P256-true,P256-true,true,1,2,0,59813,0,2173
carried,P256-true,P256-true,true,1,0,391,324971,1,3936
carried,P256-true,P256-true,true,1,1,391,75671,0,3859
carried,P256-true,P256-true,true,1,2,391,75671,0,3844
stored,P256-true,P256-true,true,2,0,337,823221,3,2793
stored,P256-true,P256-true,true,2,1,0,59913,0,4880
stored,P256-true,P256-true,true,2,2,0,62713,0,2818
carried,P256-true,P256-true,true,2,0,391,327325,1,3381
carried,P256-true,P256-true,true,2,1,391,78025,0,2803
carried,P256-true,P256-true,true,2,2,391,330225,1,11278
stored,P256-true,P256-true,true,3,0,409,2837321,11,3113
stored,P256-true,P256-true,true,3,1,0,64013,0,2421
stored,P256-true,P256-true,true,3,2,0,64013,0,2528
carried,P256-true,P256-true,true,3,0,466,325983,1,9334
carried,P256-true,P256-true,true,3,1,466,76683,0,3990
carried,P256-true,P256-true,true,3,2,466,76683,0,4062
stored,P256-false,WebAuthn-false,false,0,0,219,312234,1,2936
stored,P256-false,WebAuthn-false,false,0,1,0,43534,0,2563
stored,P256-false,WebAuthn-false,false,0,2,0,43534,0,2679
carried,P256-false,WebAuthn-false,false,0,0,274,58050,0,3404
carried,P256-false,WebAuthn-false,false,0,1,274,58050,0,3405
carried,P256-false,WebAuthn-false,false,0,2,274,58050,0,3420
stored,P256-false,WebAuthn-false,false,1,0,246,814921,3,3250
stored,P256-false,WebAuthn-false,false,1,1,0,46221,0,2856
stored,P256-false,WebAuthn-false,false,1,2,0,46221,0,2357
carried,P256-false,WebAuthn-false,false,1,0,302,324589,1,4422
carried,P256-false,WebAuthn-false,false,1,1,302,77389,0,4631
carried,P256-false,WebAuthn-false,false,1,2,302,77389,0,4555
stored,P256-false,WebAuthn-false,false,2,0,247,815021,3,3410
stored,P256-false,WebAuthn-false,false,2,1,0,46321,0,2847
stored,P256-false,WebAuthn-false,false,2,2,0,46321,0,2267
carried,P256-false,WebAuthn-false,false,2,0,302,327297,1,3748
carried,P256-false,WebAuthn-false,false,2,1,302,80097,0,3551
carried,P256-false,WebAuthn-false,false,2,2,302,330197,1,3510
stored,P256-false,WebAuthn-false,false,3,0,320,2829121,11,2810
stored,P256-false,WebAuthn-false,false,3,1,0,50421,0,2041
stored,P256-false,WebAuthn-false,false,3,2,0,50421,0,2079
carried,P256-false,WebAuthn-false,false,3,0,377,325613,1,3377
carried,P256-false,WebAuthn-false,false,3,1,377,78413,0,4887
carried,P256-false,WebAuthn-false,false,3,2,377,78413,0,4730
stored,P256-false,WebAuthn-false,true,0,0,219,317034,1,2799
stored,P256-false,WebAuthn-false,true,0,1,0,48334,0,2431
stored,P256-false,WebAuthn-false,true,0,2,0,48334,0,2265
carried,P256-false,WebAuthn-false,true,0,0,274,62750,0,8926
carried,P256-false,WebAuthn-false,true,0,1,274,62750,0,2938
carried,P256-false,WebAuthn-false,true,0,2,274,62750,0,2888
stored,P256-false,WebAuthn-false,true,1,0,246,819721,3,2892
stored,P256-false,WebAuthn-false,true,1,1,0,57821,0,23570
stored,P256-false,WebAuthn-false,true,1,2,0,57821,0,8663
carried,P256-false,WebAuthn-false,true,1,0,302,320835,1,2694
carried,P256-false,WebAuthn-false,true,1,1,302,71535,0,2455
carried,P256-false,WebAuthn-false,true,1,2,302,71535,0,2590
stored,P256-false,WebAuthn-false,true,2,0,247,819821,3,1962
stored,P256-false,WebAuthn-false,true,2,1,0,57921,0,2186
stored,P256-false,WebAuthn-false,true,2,2,0,60721,0,1919
carried,P256-false,WebAuthn-false,true,2,0,302,323189,1,2738
carried,P256-false,WebAuthn-false,true,2,1,302,73889,0,2548
carried,P256-false,WebAuthn-false,true,2,2,302,326089,1,2730
stored,P256-false,WebAuthn-false,true,3,0,320,2833921,11,3305
stored,P256-false,WebAuthn-false,true,3,1,0,62021,0,2635
stored,P256-false,WebAuthn-false,true,3,2,0,62021,0,2526
carried,P256-false,WebAuthn-false,true,3,0,377,321859,1,3683
carried,P256-false,WebAuthn-false,true,3,1,377,72559,0,3671
carried,P256-false,WebAuthn-false,true,3,2,377,72559,0,3171
stored,P256-false,WebAuthn-true,false,0,0,219,316242,1,3384
stored,P256-false,WebAuthn-true,false,0,1,0,47542,0,3074
stored,P256-false,WebAuthn-true,false,0,2,0,47542,0,27747
carried,P256-false,WebAuthn-true,false,0,0,274,62058,0,3864
carried,P256-false,WebAuthn-true,false,0,1,274,62058,0,3922
carried,P256-false,WebAuthn-true,false,0,2,274,62058,0,3927
stored,P256-false,WebAuthn-true,false,1,0,246,818929,3,3662
stored,P256-false,WebAuthn-true,false,1,1,0,50229,0,2517
stored,P256-false,WebAuthn-true,false,1,2,0,50229,0,2604
carried,P256-false,WebAuthn-true,false,1,0,302,328597,1,4752
carried,P256-false,WebAuthn-true,false,1,1,302,81397,0,3674
carried,P256-false,WebAuthn-true,false,1,2,302,81397,0,16034
stored,P256-false,WebAuthn-true,false,2,0,247,819029,3,2937
stored,P256-false,WebAuthn-true,false,2,1,0,50329,0,2650
stored,P256-false,WebAuthn-true,false,2,2,0,50329,0,2550
carried,P256-false,WebAuthn-true,false,2,0,302,331305,1,4393
carried,P256-false,WebAuthn-true,false,2,1,302,84105,0,4463
carried,P256-false,WebAuthn-true,false,2,2,302,334205,1,4570
stored,P256-false,WebAuthn-true,false,3,0,320,2833129,11,3546
stored,P256-false,WebAuthn-true,false,3,1,0,54429,0,2384
stored,P256-false,WebAuthn-true,false,3,2,0,54429,0,2248
carried,P256-false,WebAuthn-true,false,3,0,377,329609,1,4120
carried,P256-false,WebAuthn-true,false,3,1,377,82409,0,4241
carried,P256-false,WebAuthn-true,false,3,2,377,82409,0,4894
stored,P256-false,WebAuthn-true,true,0,0,219,321042,1,2973
stored,P256-false,WebAuthn-true,true,0,1,0,52342,0,2728
stored,P256-false,WebAuthn-true,true,0,2,0,52342,0,1979
carried,P256-false,WebAuthn-true,true,0,0,274,66758,0,23342
carried,P256-false,WebAuthn-true,true,0,1,274,66758,0,2611
carried,P256-false,WebAuthn-true,true,0,2,274,66758,0,2515
stored,P256-false,WebAuthn-true,true,1,0,246,823729,3,2646
stored,P256-false,WebAuthn-true,true,1,1,0,61829,0,3017
stored,P256-false,WebAuthn-true,true,1,2,0,61829,0,3069
carried,P256-false,WebAuthn-true,true,1,0,302,324843,1,4096
carried,P256-false,WebAuthn-true,true,1,1,302,75543,0,4475
carried,P256-false,WebAuthn-true,true,1,2,302,75543,0,4033
stored,P256-false,WebAuthn-true,true,2,0,247,823829,3,3423
stored,P256-false,WebAuthn-true,true,2,1,0,61929,0,2748
stored,P256-false,WebAuthn-true,true,2,2,0,64729,0,2763
carried,P256-false,WebAuthn-true,true,2,0,302,327197,1,12001
carried,P256-false,WebAuthn-true,true,2,1,302,77897,0,3174
carried,P256-false,WebAuthn-true,true,2,2,302,330097,1,4842
stored,P256-false,WebAuthn-true,true,3,0,320,2837929,11,3110
stored,P256-false,WebAuthn-true,true,3,1,0,66029,0,3125
stored,P256-false,WebAuthn-true,true,3,2,0,66029,0,2972
carried,P256-false,WebAuthn-true,true,3,0,377,325855,1,4076
carried,P256-false,WebAuthn-true,true,3,1,377,76555,0,3919
carried,P256-false,WebAuthn-true,true,3,2,377,76555,0,3753
stored,P256-true,WebAuthn-false,false,0,0,309,313642,1,2515
stored,P256-true,WebAuthn-false,false,0,1,0,43534,0,1879
stored,P256-true,WebAuthn-false,false,0,2,0,43534,0,2490
carried,P256-true,WebAuthn-false,false,0,0,363,60206,0,2691
carried,P256-true,WebAuthn-false,false,0,1,363,60206,0,2813
carried,P256-true,WebAuthn-false,false,0,2,363,60206,0,2625
stored,P256-true,WebAuthn-false,false,1,0,336,816329,3,2662
stored,P256-true,WebAuthn-false,false,1,1,0,46221,0,2053
stored,P256-true,WebAuthn-false,false,1,2,0,46221,0,1905
carried,P256-true,WebAuthn-false,false,1,0,391,326733,1,3864
carried,P256-true,WebAuthn-false,false,1,1,391,79533,0,3518
carried,P256-true,WebAuthn-false,false,1,2,391,79533,0,3444
stored,P256-true,WebAuthn-false,false,2,0,337,816429,3,2902
stored,P256-true,WebAuthn-false,false,2,1,0,46321,0,2446
stored,P256-true,WebAuthn-false,false,2,2,0,46321,0,2149
carried,P256-true,WebAuthn-false,false,2,0,391,329429,1,4824
carried,P256-true,WebAuthn-false,false,2,1,391,82229,0,3703
carried,P256-true,WebAuthn-false,false,2,2,391,332329,1,3894
stored,P256-true,WebAuthn-false,false,3,0,409,2830529,11,3906
stored,P256-true,WebAuthn-false,false,3,1,0,50421,0,19610
stored,P256-true,WebAuthn-false,false,3,2,0,50421,0,2372
carried,P256-true,WebAuthn-false,false,3,0,466,327757,1,3597
carried,P256-true,WebAuthn-false,false,3,1,466,80557,0,3423
carried,P256-true,WebAuthn-false,false,3,2,466,80557,0,3284
stored,P256-true,WebAuthn-false,true,0,0,309,318442,1,2308
stored,P256-true,WebAuthn-false,true,0,1,0,48334,0,1778
stored,P256-true,WebAuthn-false,true,0,2,0,48334,0,10541
carried,P256-true,WebAuthn-false,true,0,0,363,64906,0,3106
carried,P256-true,WebAuthn-false,true,0,1,363,64906,0,2439
carried,P256-true,WebAuthn-false,true,0,2,363,64906,0,2474
stored,P256-true,WebAuthn-false,true,1,0,336,821129,3,3506
stored,P256-true,WebAuthn-false,true,1,1,0,57821,0,2828
stored,P256-true,WebAuthn-false,true,1,2,0,57821,0,2124
carried,P256-true,WebAuthn-false,true,1,0,391,322979,1,3553
carried,P256-true,WebAuthn-false,true,1,1,391,73679,0,3490
carried,P256-true,WebAuthn-false,true,1,2,391,73679,0,3710
stored,P256-true,WebAuthn-false,true,2,0,337,821229,3,3422
stored,P256-true,WebAuthn-false,true,2,1,0,57921,0,2762
stored,P256-true,WebAuthn-false,true,2,2,0,60721,0,2699
carried,P256-true,WebAuthn-false,true,2,0,391,325321,1,6073
carried,P256-true,WebAuthn-false,true,2,1,391,76021,0,3830
carried,P256-true,WebAuthn-false,true,2,2,391,328221,1,3555
stored,P256-true,WebAuthn-false,true,3,0,409,2835329,11,2528
stored,P256-true,WebAuthn-false,true,3,1,0,62021,0,2034
stored,P256-true,WebAuthn-false,true,3,2,0,62021,0,1999
carried,P256-true,WebAuthn-false,true,3,0,466,324003,1,2772
carried,P256-true,WebAuthn-false,true,3,1,466,74703,0,3796
carried,P256-true,WebAuthn-false,true,3,2,466,74703,0,3275
stored,P256-true,WebAuthn-true,false,0,0,309,317650,1,2984
stored,P256-true,WebAuthn-true,false,0,1,0,47542,0,2347
stored,P256-true,WebAuthn-true,false,0,2,0,47542,0,2764
carried,P256-true,WebAuthn-true,false,0,0,363,64214,0,4553
carried,P256-true,WebAuthn-true,false,0,1,363,64214,0,3896
carried,P256-true,WebAuthn-true,false,0,2,363,64214,0,3559
stored,P256-true,WebAuthn-true,false,1,0,336,820337,3,3210
stored,P256-true,WebAuthn-true,false,1,1,0,50229,0,2709
stored,P256-true,WebAuthn-true,false,1,2,0,50229,0,2742
carried,P256-true,WebAuthn-true,false,1,0,391,330741,1,4624
carried,P256-true,WebAuthn-true,false,1,1,391,83541,0,10752
carried,P256-true,WebAuthn-true,false,1,2,391,83541,0,4981
stored,P256-true,WebAuthn-true,false,2,0,337,820437,3,4044
stored,P256-true,WebAuthn-true,false,2,1,0,50329,0,3682
stored,P256-true,WebAuthn-true,false,2,2,0,50329,0,3827
carried,P256-true,WebAuthn-true,false,2,0,391,333449,1,5265
carried,P256-true,WebAuthn-true,false,2,1,391,86249,0,4138
carried,P256-true,WebAuthn-true,false,2,2,391,336349,1,4239
stored,P256-true,WebAuthn-true,false,3,0,409,2834537,11,4449
stored,P256-true,WebAuthn-true,false,3,1,0,54429,0,3600
stored,P256-true,WebAuthn-true,false,3,2,0,54429,0,2777
carried,P256-true,WebAuthn-true,false,3,0,466,331753,1,4381
carried,P256-true,WebAuthn-true,false,3,1,466,84553,0,4231
carried,P256-true,WebAuthn-true,false,3,2,466,84553,0,4556
stored,P256-true,WebAuthn-true,true,0,0,309,322450,1,2613
stored,P256-true,WebAuthn-true,true,0,1,0,52342,0,2229
stored,P256-true,WebAuthn-true,true,0,2,0,52342,0,3039
carried,P256-true,WebAuthn-true,true,0,0,363,68914,0,3364
carried,P256-true,WebAuthn-true,true,0,1,363,68914,0,3110
carried,P256-true,WebAuthn-true,true,0,2,363,68914,0,2642
stored,P256-true,WebAuthn-true,true,1,0,336,825137,3,3289
stored,P256-true,WebAuthn-true,true,1,1,0,61829,0,2641
stored,P256-true,WebAuthn-true,true,1,2,0,61829,0,2519
carried,P256-true,WebAuthn-true,true,1,0,391,326987,1,3122
carried,P256-true,WebAuthn-true,true,1,1,391,77687,0,2939
carried,P256-true,WebAuthn-true,true,1,2,391,77687,0,2805
stored,P256-true,WebAuthn-true,true,2,0,337,825237,3,4934
stored,P256-true,WebAuthn-true,true,2,1,0,61929,0,2240
stored,P256-true,WebAuthn-true,true,2,2,0,64729,0,2194
carried,P256-true,WebAuthn-true,true,2,0,391,329341,1,2996
carried,P256-true,WebAuthn-true,true,2,1,391,80041,0,3109
carried,P256-true,WebAuthn-true,true,2,2,391,332241,1,3915
stored,P256-true,WebAuthn-true,true,3,0,409,2839337,11,4075
stored,P256-true,WebAuthn-true,true,3,1,0,66029,0,2227
stored,P256-true,WebAuthn-true,true,3,2,0,66029,0,2182
carried,P256-true,WebAuthn-true,true,3,0,466,327999,1,4089
carried,P256-true,WebAuthn-true,true,3,1,466,78699,0,3933
carried,P256-true,WebAuthn-true,true,3,2,466,78699,0,3918
stored,WebAuthn-false,Secp-false,false,0,0,373,307234,1,2682
stored,WebAuthn-false,Secp-false,false,0,1,0,36518,0,2219
stored,WebAuthn-false,Secp-false,false,0,2,0,36518,0,2042
carried,WebAuthn-false,Secp-false,false,0,0,427,53504,0,3286
carried,WebAuthn-false,Secp-false,false,0,1,427,53504,0,2644
carried,WebAuthn-false,Secp-false,false,0,2,427,53504,0,2093
stored,WebAuthn-false,Secp-false,false,1,0,400,809921,3,2177
stored,WebAuthn-false,Secp-false,false,1,1,0,39205,0,1661
stored,WebAuthn-false,Secp-false,false,1,2,0,39205,0,1646
carried,WebAuthn-false,Secp-false,false,1,0,455,320019,1,3076
carried,WebAuthn-false,Secp-false,false,1,1,455,72819,0,3332
carried,WebAuthn-false,Secp-false,false,1,2,455,72819,0,3325
stored,WebAuthn-false,Secp-false,false,2,0,401,810021,3,3307
stored,WebAuthn-false,Secp-false,false,2,1,0,39305,0,2322
stored,WebAuthn-false,Secp-false,false,2,2,0,39305,0,2288
carried,WebAuthn-false,Secp-false,false,2,0,455,322739,1,12005
carried,WebAuthn-false,Secp-false,false,2,1,455,75539,0,3835
carried,WebAuthn-false,Secp-false,false,2,2,455,325639,1,3691
stored,WebAuthn-false,Secp-false,false,3,0,473,2824121,11,3532
stored,WebAuthn-false,Secp-false,false,3,1,0,43405,0,2105
stored,WebAuthn-false,Secp-false,false,3,2,0,43405,0,1814
carried,WebAuthn-false,Secp-false,false,3,0,530,321055,1,3317
carried,WebAuthn-false,Secp-false,false,3,1,530,73855,0,3848
carried,WebAuthn-false,Secp-false,false,3,2,530,73855,0,3266
stored,WebAuthn-false,Secp-false,true,0,0,373,312034,1,3039
stored,WebAuthn-false,Secp-false,true,0,1,0,41318,0,2556
stored,WebAuthn-false,Secp-false,true,0,2,0,41318,0,2528
carried,WebAuthn-false,Secp-false,true,0,0,427,58204,0,3149
carried,WebAuthn-false,Secp-false,true,0,1,427,58204,0,3097
carried,WebAuthn-false,Secp-false,true,0,2,427,58204,0,3129
stored,WebAuthn-false,Secp-false,true,1,0,400,814721,3,3188
stored,WebAuthn-false,Secp-false,true,1,1,0,50805,0,2528
stored,WebAuthn-false,Secp-false,true,1,2,0,50805,0,2428
carried,WebAuthn-false,Secp-false,true,1,0,455,316265,1,3382
carried,WebAuthn-false,Secp-false,true,1,1,455,66965,0,3965
carried,WebAuthn-false,Secp-false,true,1,2,455,66965,0,3357
stored,WebAuthn-false,Secp-false,true,2,0,401,814821,3,2814
stored,WebAuthn-false,Secp-false,true,2,1,0,50905,0,2460
stored,WebAuthn-false,Secp-false,true,2,2,0,53705,0,2045
carried,WebAuthn-false,Secp-false,true,2,0,455,318631,1,3858
carried,WebAuthn-false,Secp-false,true,2,1,455,69331,0,3544
carried,WebAuthn-false,Secp-false,true,2,2,455,321531,1,3651
stored,WebAuthn-false,Secp-false,true,3,0,473,2828921,11,5326
stored,WebAuthn-false,Secp-false,true,3,1,0,55005,0,2375
stored,WebAuthn-false,Secp-false,true,3,2,0,55005,0,2213
carried,WebAuthn-false,Secp-false,true,3,0,530,317301,1,3647
carried,WebAuthn-false,Secp-false,true,3,1,530,68001,0,3685
carried,WebAuthn-false,Secp-false,true,3,2,530,68001,0,11922
stored,WebAuthn-false,Secp-true,false,0,0,373,311242,1,4101
stored,WebAuthn-false,Secp-true,false,0,1,0,40526,0,4801
stored,WebAuthn-false,Secp-true,false,0,2,0,40526,0,3097
carried,WebAuthn-false,Secp-true,false,0,0,427,57512,0,6664
carried,WebAuthn-false,Secp-true,false,0,1,427,57512,0,5225
carried,WebAuthn-false,Secp-true,false,0,2,427,57512,0,4932
stored,WebAuthn-false,Secp-true,false,1,0,400,813929,3,4104
stored,WebAuthn-false,Secp-true,false,1,1,0,43213,0,2889
stored,WebAuthn-false,Secp-true,false,1,2,0,43213,0,2491
carried,WebAuthn-false,Secp-true,false,1,0,455,324027,1,3947
carried,WebAuthn-false,Secp-true,false,1,1,455,76827,0,3809
carried,WebAuthn-false,Secp-true,false,1,2,455,76827,0,4889
stored,WebAuthn-false,Secp-true,false,2,0,401,814029,3,3052
stored,WebAuthn-false,Secp-true,false,2,1,0,43313,0,2432
stored,WebAuthn-false,Secp-true,false,2,2,0,43313,0,3057
carried,WebAuthn-false,Secp-true,false,2,0,455,326747,1,5546
carried,WebAuthn-false,Secp-true,false,2,1,455,79547,0,4472
carried,WebAuthn-false,Secp-true,false,2,2,455,329647,1,4568
stored,WebAuthn-false,Secp-true,false,3,0,473,2828129,11,4024
stored,WebAuthn-false,Secp-true,false,3,1,0,47413,0,3262
stored,WebAuthn-false,Secp-true,false,3,2,0,47413,0,2417
carried,WebAuthn-false,Secp-true,false,3,0,530,325063,1,3870
carried,WebAuthn-false,Secp-true,false,3,1,530,77863,0,3446
carried,WebAuthn-false,Secp-true,false,3,2,530,77863,0,3278
stored,WebAuthn-false,Secp-true,true,0,0,373,316042,1,2472
stored,WebAuthn-false,Secp-true,true,0,1,0,45326,0,2388
stored,WebAuthn-false,Secp-true,true,0,2,0,45326,0,2082
carried,WebAuthn-false,Secp-true,true,0,0,427,62212,0,2728
carried,WebAuthn-false,Secp-true,true,0,1,427,62212,0,2826
carried,WebAuthn-false,Secp-true,true,0,2,427,62212,0,3414
stored,WebAuthn-false,Secp-true,true,1,0,400,818729,3,3294
stored,WebAuthn-false,Secp-true,true,1,1,0,54813,0,2976
stored,WebAuthn-false,Secp-true,true,1,2,0,54813,0,2518
carried,WebAuthn-false,Secp-true,true,1,0,455,320273,1,3908
carried,WebAuthn-false,Secp-true,true,1,1,455,70973,0,3230
carried,WebAuthn-false,Secp-true,true,1,2,455,70973,0,2699
stored,WebAuthn-false,Secp-true,true,2,0,401,818829,3,2762
stored,WebAuthn-false,Secp-true,true,2,1,0,54913,0,2290
stored,WebAuthn-false,Secp-true,true,2,2,0,57713,0,2134
carried,WebAuthn-false,Secp-true,true,2,0,455,322639,1,3316
carried,WebAuthn-false,Secp-true,true,2,1,455,73339,0,16417
carried,WebAuthn-false,Secp-true,true,2,2,455,325539,1,6396
stored,WebAuthn-false,Secp-true,true,3,0,473,2832929,11,2876
stored,WebAuthn-false,Secp-true,true,3,1,0,59013,0,2173
stored,WebAuthn-false,Secp-true,true,3,2,0,59013,0,2836
carried,WebAuthn-false,Secp-true,true,3,0,530,321309,1,3773
carried,WebAuthn-false,Secp-true,true,3,1,530,72009,0,3101
carried,WebAuthn-false,Secp-true,true,3,2,530,72009,0,3808
stored,WebAuthn-true,Secp-false,false,0,0,465,308642,1,3203
stored,WebAuthn-true,Secp-false,false,0,1,0,36518,0,2478
stored,WebAuthn-true,Secp-false,false,0,2,0,36518,0,2559
carried,WebAuthn-true,Secp-false,false,0,0,519,55696,0,3600
carried,WebAuthn-true,Secp-false,false,0,1,519,55696,0,3084
carried,WebAuthn-true,Secp-false,false,0,2,519,55696,0,2503
stored,WebAuthn-true,Secp-false,false,1,0,492,811329,3,2826
stored,WebAuthn-true,Secp-false,false,1,1,0,39205,0,2021
stored,WebAuthn-true,Secp-false,false,1,2,0,39205,0,2600
carried,WebAuthn-true,Secp-false,false,1,0,547,322223,1,3828
carried,WebAuthn-true,Secp-false,false,1,1,547,75023,0,4038
carried,WebAuthn-true,Secp-false,false,1,2,547,75023,0,3608
stored,WebAuthn-true,Secp-false,false,2,0,493,811429,3,2666
stored,WebAuthn-true,Secp-false,false,2,1,0,39305,0,1847
stored,WebAuthn-true,Secp-false,false,2,2,0,39305,0,1917
carried,WebAuthn-true,Secp-false,false,2,0,547,324931,1,4202
carried,WebAuthn-true,Secp-false,false,2,1,547,77731,0,3800
carried,WebAuthn-true,Secp-false,false,2,2,547,327831,1,4847
stored,WebAuthn-true,Secp-false,false,3,0,565,2825529,11,3607
stored,WebAuthn-true,Secp-false,false,3,1,0,43405,0,2156
stored,WebAuthn-true,Secp-false,false,3,2,0,43405,0,1974
carried,WebAuthn-true,Secp-false,false,3,0,622,323247,1,3691
carried,WebAuthn-true,Secp-false,false,3,1,622,76047,0,8306
carried,WebAuthn-true,Secp-false,false,3,2,622,76047,0,4620
stored,WebAuthn-true,Secp-false,true,0,0,465,313442,1,2223
stored,WebAuthn-true,Secp-false,true,0,1,0,41318,0,2065
stored,WebAuthn-true,Secp-false,true,0,2,0,41318,0,1611
carried,WebAuthn-true,Secp-false,true,0,0,519,60396,0,2471
carried,WebAuthn-true,Secp-false,true,0,1,519,60396,0,2419
carried,WebAuthn-true,Secp-false,true,0,2,519,60396,0,2343
stored,WebAuthn-true,Secp-false,true,1,0,492,816129,3,2407
stored,WebAuthn-true,Secp-false,true,1,1,0,50805,0,2356
stored,WebAuthn-true,Secp-false,true,1,2,0,50805,0,2453
carried,WebAuthn-true,Secp-false,true,1,0,547,318469,1,3722
carried,WebAuthn-true,Secp-false,true,1,1,547,69169,0,3583
carried,WebAuthn-true,Secp-false,true,1,2,547,69169,0,14876
stored,WebAuthn-true,Secp-false,true,2,0,493,816229,3,3137
stored,WebAuthn-true,Secp-false,true,2,1,0,50905,0,2085
stored,WebAuthn-true,Secp-false,true,2,2,0,53705,0,2000
carried,WebAuthn-true,Secp-false,true,2,0,547,320823,1,3922
carried,WebAuthn-true,Secp-false,true,2,1,547,71523,0,3919
carried,WebAuthn-true,Secp-false,true,2,2,547,323723,1,3814
stored,WebAuthn-true,Secp-false,true,3,0,565,2830329,11,3732
stored,WebAuthn-true,Secp-false,true,3,1,0,55005,0,2671
stored,WebAuthn-true,Secp-false,true,3,2,0,55005,0,2567
carried,WebAuthn-true,Secp-false,true,3,0,622,319493,1,3887
carried,WebAuthn-true,Secp-false,true,3,1,622,70193,0,3934
carried,WebAuthn-true,Secp-false,true,3,2,622,70193,0,3922
stored,WebAuthn-true,Secp-true,false,0,0,465,312650,1,3994
stored,WebAuthn-true,Secp-true,false,0,1,0,40526,0,2236
stored,WebAuthn-true,Secp-true,false,0,2,0,40526,0,2002
carried,WebAuthn-true,Secp-true,false,0,0,519,59704,0,3063
carried,WebAuthn-true,Secp-true,false,0,1,519,59704,0,3526
carried,WebAuthn-true,Secp-true,false,0,2,519,59704,0,2939
stored,WebAuthn-true,Secp-true,false,1,0,492,815337,3,3833
stored,WebAuthn-true,Secp-true,false,1,1,0,43213,0,2380
stored,WebAuthn-true,Secp-true,false,1,2,0,43213,0,2420
carried,WebAuthn-true,Secp-true,false,1,0,547,326231,1,4392
carried,WebAuthn-true,Secp-true,false,1,1,547,79031,0,4799
carried,WebAuthn-true,Secp-true,false,1,2,547,79031,0,3807
stored,WebAuthn-true,Secp-true,false,2,0,493,815437,3,3482
stored,WebAuthn-true,Secp-true,false,2,1,0,43313,0,2691
stored,WebAuthn-true,Secp-true,false,2,2,0,43313,0,2810
carried,WebAuthn-true,Secp-true,false,2,0,547,328939,1,5702
carried,WebAuthn-true,Secp-true,false,2,1,547,81739,0,5665
carried,WebAuthn-true,Secp-true,false,2,2,547,331839,1,4072
stored,WebAuthn-true,Secp-true,false,3,0,565,2829537,11,3354
stored,WebAuthn-true,Secp-true,false,3,1,0,47413,0,2568
stored,WebAuthn-true,Secp-true,false,3,2,0,47413,0,2413
carried,WebAuthn-true,Secp-true,false,3,0,622,327255,1,4662
carried,WebAuthn-true,Secp-true,false,3,1,622,80055,0,5467
carried,WebAuthn-true,Secp-true,false,3,2,622,80055,0,5423
stored,WebAuthn-true,Secp-true,true,0,0,465,317450,1,6523
stored,WebAuthn-true,Secp-true,true,0,1,0,45326,0,5703
stored,WebAuthn-true,Secp-true,true,0,2,0,45326,0,2847
carried,WebAuthn-true,Secp-true,true,0,0,519,64404,0,3464
carried,WebAuthn-true,Secp-true,true,0,1,519,64404,0,2771
carried,WebAuthn-true,Secp-true,true,0,2,519,64404,0,2598
stored,WebAuthn-true,Secp-true,true,1,0,492,820137,3,2719
stored,WebAuthn-true,Secp-true,true,1,1,0,54813,0,2146
stored,WebAuthn-true,Secp-true,true,1,2,0,54813,0,2254
carried,WebAuthn-true,Secp-true,true,1,0,547,322477,1,3951
carried,WebAuthn-true,Secp-true,true,1,1,547,73177,0,4056
carried,WebAuthn-true,Secp-true,true,1,2,547,73177,0,4151
stored,WebAuthn-true,Secp-true,true,2,0,493,820237,3,3779
stored,WebAuthn-true,Secp-true,true,2,1,0,54913,0,3046
stored,WebAuthn-true,Secp-true,true,2,2,0,57713,0,2970
carried,WebAuthn-true,Secp-true,true,2,0,547,324831,1,4235
carried,WebAuthn-true,Secp-true,true,2,1,547,75531,0,10659
carried,WebAuthn-true,Secp-true,true,2,2,547,327731,1,4357
stored,WebAuthn-true,Secp-true,true,3,0,565,2834337,11,3446
stored,WebAuthn-true,Secp-true,true,3,1,0,59013,0,2322
stored,WebAuthn-true,Secp-true,true,3,2,0,59013,0,19995
carried,WebAuthn-true,Secp-true,true,3,0,622,323501,1,4556
carried,WebAuthn-true,Secp-true,true,3,1,622,74201,0,4499
carried,WebAuthn-true,Secp-true,true,3,2,622,74201,0,4469
stored,WebAuthn-false,P256-false,false,0,0,373,312234,1,3259
stored,WebAuthn-false,P256-false,false,0,1,0,41518,0,2612
stored,WebAuthn-false,P256-false,false,0,2,0,41518,0,2689
carried,WebAuthn-false,P256-false,false,0,0,427,58504,0,5665
carried,WebAuthn-false,P256-false,false,0,1,427,58504,0,3534
carried,WebAuthn-false,P256-false,false,0,2,427,58504,0,3678
stored,WebAuthn-false,P256-false,false,1,0,400,814921,3,2650
stored,WebAuthn-false,P256-false,false,1,1,0,44205,0,2398
stored,WebAuthn-false,P256-false,false,1,2,0,44205,0,5375
carried,WebAuthn-false,P256-false,false,1,0,455,325031,1,4747
carried,WebAuthn-false,P256-false,false,1,1,455,77831,0,4615
carried,WebAuthn-false,P256-false,false,1,2,455,77831,0,4644
stored,WebAuthn-false,P256-false,false,2,0,401,815021,3,16265
stored,WebAuthn-false,P256-false,false,2,1,0,44305,0,6160
stored,WebAuthn-false,P256-false,false,2,2,0,44305,0,3036
carried,WebAuthn-false,P256-false,false,2,0,455,327739,1,5059
carried,WebAuthn-false,P256-false,false,2,1,455,80539,0,4910
carried,WebAuthn-false,P256-false,false,2,2,455,330639,1,4792
stored,WebAuthn-false,P256-false,false,3,0,473,2829121,11,3743
stored,WebAuthn-false,P256-false,false,3,1,0,48405,0,4591
stored,WebAuthn-false,P256-false,false,3,2,0,48405,0,2817
carried,WebAuthn-false,P256-false,false,3,0,530,326055,1,3094
carried,WebAuthn-false,P256-false,false,3,1,530,78855,0,3268
carried,WebAuthn-false,P256-false,false,3,2,530,78855,0,4655
stored,WebAuthn-false,P256-false,true,0,0,373,317034,1,2402
stored,WebAuthn-false,P256-false,true,0,1,0,46318,0,1851
stored,WebAuthn-false,P256-false,true,0,2,0,46318,0,1566
carried,WebAuthn-false,P256-false,true,0,0,427,63204,0,3018
carried,WebAuthn-false,P256-false,true,0,1,427,63204,0,3069
carried,WebAuthn-false,P256-false,true,0,2,427,63204,0,2583
stored,WebAuthn-false,P256-false,true,1,0,400,819721,3,2241
stored,WebAuthn-false,P256-false,true,1,1,0,55805,0,9261
stored,WebAuthn-false,P256-false,true,1,2,0,55805,0,2455
carried,WebAuthn-false,P256-false,true,1,0,455,321277,1,3474
carried,WebAuthn-false,P256-false,true,1,1,455,71977,0,3478
carried,WebAuthn-false,P256-false,true,1,2,455,71977,0,3421
stored,WebAuthn-false,P256-false,true,2,0,401,819821,3,2990
stored,WebAuthn-false,P256-false,true,2,1,0,55905,0,1967
stored,WebAuthn-false,P256-false,true,2,2,0,58705,0,2360
carried,WebAuthn-false,P256-false,true,2,0,455,323631,1,2716
carried,WebAuthn-false,P256-false,true,2,1,455,74331,0,2811
carried,WebAuthn-false,P256-false,true,2,2,455,326531,1,15603
stored,WebAuthn-false,P256-false,true,3,0,473,2833921,11,2489
stored,WebAuthn-false,P256-false,true,3,1,0,60005,0,2360
stored,WebAuthn-false,P256-false,true,3,2,0,60005,0,1796
carried,WebAuthn-false,P256-false,true,3,0,530,322301,1,2635
carried,WebAuthn-false,P256-false,true,3,1,530,73001,0,2673
carried,WebAuthn-false,P256-false,true,3,2,530,73001,0,2647
stored,WebAuthn-false,P256-true,false,0,0,373,316242,1,2736
stored,WebAuthn-false,P256-true,false,0,1,0,45526,0,2181
stored,WebAuthn-false,P256-true,false,0,2,0,45526,0,2093
carried,WebAuthn-false,P256-true,false,0,0,427,62512,0,2651
carried,WebAuthn-false,P256-true,false,0,1,427,62512,0,2753
carried,WebAuthn-false,P256-true,false,0,2,427,62512,0,2792
stored,WebAuthn-false,P256-true,false,1,0,400,818929,3,3770
stored,WebAuthn-false,P256-true,false,1,1,0,48213,0,2523
stored,WebAuthn-false,P256-true,false,1,2,0,48213,0,2325
carried,WebAuthn-false,P256-true,false,1,0,455,329027,1,4158
carried,WebAuthn-false,P256-true,false,1,1,455,81827,0,4591
carried,WebAuthn-false,P256-true,false,1,2,455,81827,0,3678
stored,WebAuthn-false,P256-true,false,2,0,401,819029,3,3898
stored,WebAuthn-false,P256-true,false,2,1,0,48313,0,3233
stored,WebAuthn-false,P256-true,false,2,2,0,48313,0,3285
carried,WebAuthn-false,P256-true,false,2,0,455,331747,1,5575
carried,WebAuthn-false,P256-true,false,2,1,455,84547,0,5613
carried,WebAuthn-false,P256-true,false,2,2,455,334647,1,5669
stored,WebAuthn-false,P256-true,false,3,0,473,2833129,11,3630
stored,WebAuthn-false,P256-true,false,3,1,0,52413,0,19399
stored,WebAuthn-false,P256-true,false,3,2,0,52413,0,3431
carried,WebAuthn-false,P256-true,false,3,0,530,330063,1,5025
carried,WebAuthn-false,P256-true,false,3,1,530,82863,0,3741
carried,WebAuthn-false,P256-true,false,3,2,530,82863,0,3835
stored,WebAuthn-false,P256-true,true,0,0,373,321042,1,2451
stored,WebAuthn-false,P256-true,true,0,1,0,50326,0,2267
stored,WebAuthn-false,P256-true,true,0,2,0,50326,0,2548
carried,WebAuthn-false,P256-true,true,0,0,427,67212,0,2684
carried,WebAuthn-false,P256-true,true,0,1,427,67212,0,3079
carried,WebAuthn-false,P256-true,true,0,2,427,67212,0,2605
stored,WebAuthn-false,P256-true,true,1,0,400,823729,3,2523
stored,WebAuthn-false,P256-true,true,1,1,0,59813,0,2598
stored,WebAuthn-false,P256-true,true,1,2,0,59813,0,2157
carried,WebAuthn-false,P256-true,true,1,0,455,325273,1,3871
carried,WebAuthn-false,P256-true,true,1,1,455,75973,0,3329
carried,WebAuthn-false,P256-true,true,1,2,455,75973,0,3559
stored,WebAuthn-false,P256-true,true,2,0,401,823829,3,2620
stored,WebAuthn-false,P256-true,true,2,1,0,59913,0,2294
stored,WebAuthn-false,P256-true,true,2,2,0,62713,0,2171
carried,WebAuthn-false,P256-true,true,2,0,455,327639,1,5451
carried,WebAuthn-false,P256-true,true,2,1,455,78339,0,3093
carried,WebAuthn-false,P256-true,true,2,2,455,330539,1,3933
stored,WebAuthn-false,P256-true,true,3,0,473,2837929,11,3680
stored,WebAuthn-false,P256-true,true,3,1,0,64013,0,10423
stored,WebAuthn-false,P256-true,true,3,2,0,64013,0,2293
carried,WebAuthn-false,P256-true,true,3,0,530,326309,1,3053
carried,WebAuthn-false,P256-true,true,3,1,530,77009,0,2899
carried,WebAuthn-false,P256-true,true,3,2,530,77009,0,20280
stored,WebAuthn-true,P256-false,false,0,0,465,313642,1,3391
stored,WebAuthn-true,P256-false,false,0,1,0,41518,0,2674
stored,WebAuthn-true,P256-false,false,0,2,0,41518,0,2786
carried,WebAuthn-true,P256-false,false,0,0,519,60696,0,3739
carried,WebAuthn-true,P256-false,false,0,1,519,60696,0,2908
carried,WebAuthn-true,P256-false,false,0,2,519,60696,0,3501
stored,WebAuthn-true,P256-false,false,1,0,492,816329,3,3669
stored,WebAuthn-true,P256-false,false,1,1,0,44205,0,3192
stored,WebAuthn-true,P256-false,false,1,2,0,44205,0,2839
carried,WebAuthn-true,P256-false,false,1,0,547,327223,1,4870
carried,WebAuthn-true,P256-false,false,1,1,547,80023,0,4742
carried,WebAuthn-true,P256-false,false,1,2,547,80023,0,5476
stored,WebAuthn-true,P256-false,false,2,0,493,816429,3,3995
stored,WebAuthn-true,P256-false,false,2,1,0,44305,0,3149
stored,WebAuthn-true,P256-false,false,2,2,0,44305,0,3075
carried,WebAuthn-true,P256-false,false,2,0,547,329931,1,5436
carried,WebAuthn-true,P256-false,false,2,1,547,82731,0,5207
carried,WebAuthn-true,P256-false,false,2,2,547,332831,1,5299
stored,WebAuthn-true,P256-false,false,3,0,565,2830529,11,4152
stored,WebAuthn-true,P256-false,false,3,1,0,48405,0,15623
stored,WebAuthn-true,P256-false,false,3,2,0,48405,0,5748
carried,WebAuthn-true,P256-false,false,3,0,622,328235,1,4711
carried,WebAuthn-true,P256-false,false,3,1,622,81035,0,3464
carried,WebAuthn-true,P256-false,false,3,2,622,81035,0,3335
stored,WebAuthn-true,P256-false,true,0,0,465,318442,1,2326
stored,WebAuthn-true,P256-false,true,0,1,0,46318,0,1854
stored,WebAuthn-true,P256-false,true,0,2,0,46318,0,2332
carried,WebAuthn-true,P256-false,true,0,0,519,65396,0,3376
carried,WebAuthn-true,P256-false,true,0,1,519,65396,0,3093
carried,WebAuthn-true,P256-false,true,0,2,519,65396,0,2673
stored,WebAuthn-true,P256-false,true,1,0,492,821129,3,3479
stored,WebAuthn-true,P256-false,true,1,1,0,55805,0,2687
stored,WebAuthn-true,P256-false,true,1,2,0,55805,0,2489
carried,WebAuthn-true,P256-false,true,1,0,547,323469,1,19983
carried,WebAuthn-true,P256-false,true,1,1,547,74169,0,3729
carried,WebAuthn-true,P256-false,true,1,2,547,74169,0,3816
stored,WebAuthn-true,P256-false,true,2,0,493,821229,3,2514
stored,WebAuthn-true,P256-false,true,2,1,0,55905,0,2217
stored,WebAuthn-true,P256-false,true,2,2,0,58705,0,22366
carried,WebAuthn-true,P256-false,true,2,0,547,325823,1,4167
carried,WebAuthn-true,P256-false,true,2,1,547,76523,0,3129
carried,WebAuthn-true,P256-false,true,2,2,547,328723,1,3013
stored,WebAuthn-true,P256-false,true,3,0,565,2835329,11,2776
stored,WebAuthn-true,P256-false,true,3,1,0,60005,0,2412
stored,WebAuthn-true,P256-false,true,3,2,0,60005,0,2216
carried,WebAuthn-true,P256-false,true,3,0,622,324481,1,3233
carried,WebAuthn-true,P256-false,true,3,1,622,75181,0,2850
carried,WebAuthn-true,P256-false,true,3,2,622,75181,0,2931
stored,WebAuthn-true,P256-true,false,0,0,465,317650,1,3936
stored,WebAuthn-true,P256-true,false,0,1,0,45526,0,3289
stored,WebAuthn-true,P256-true,false,0,2,0,45526,0,3129
carried,WebAuthn-true,P256-true,false,0,0,519,64680,0,3041
carried,WebAuthn-true,P256-true,false,0,1,519,64680,0,16543
carried,WebAuthn-true,P256-true,false,0,2,519,64680,0,2881
stored,WebAuthn-true,P256-true,false,1,0,492,820337,3,3277
stored,WebAuthn-true,P256-true,false,1,1,0,48213,0,2634
stored,WebAuthn-true,P256-true,false,1,2,0,48213,0,2768
carried,WebAuthn-true,P256-true,false,1,0,547,331231,1,3817
carried,WebAuthn-true,P256-true,false,1,1,547,84031,0,11370
carried,WebAuthn-true,P256-true,false,1,2,547,84031,0,4789
stored,WebAuthn-true,P256-true,false,2,0,493,820437,3,3208
stored,WebAuthn-true,P256-true,false,2,1,0,48313,0,2436
stored,WebAuthn-true,P256-true,false,2,2,0,48313,0,2174
carried,WebAuthn-true,P256-true,false,2,0,547,333939,1,4366
carried,WebAuthn-true,P256-true,false,2,1,547,86739,0,4114
carried,WebAuthn-true,P256-true,false,2,2,547,336839,1,4176
stored,WebAuthn-true,P256-true,false,3,0,565,2834537,11,4604
stored,WebAuthn-true,P256-true,false,3,1,0,52413,0,3483
stored,WebAuthn-true,P256-true,false,3,2,0,52413,0,8799
carried,WebAuthn-true,P256-true,false,3,0,622,332255,1,5271
carried,WebAuthn-true,P256-true,false,3,1,622,85055,0,5384
carried,WebAuthn-true,P256-true,false,3,2,622,85055,0,5371
stored,WebAuthn-true,P256-true,true,0,0,465,322450,1,3421
stored,WebAuthn-true,P256-true,true,0,1,0,50326,0,2683
stored,WebAuthn-true,P256-true,true,0,2,0,50326,0,2238
carried,WebAuthn-true,P256-true,true,0,0,519,69380,0,2750
carried,WebAuthn-true,P256-true,true,0,1,519,69380,0,2630
carried,WebAuthn-true,P256-true,true,0,2,519,69380,0,2557
stored,WebAuthn-true,P256-true,true,1,0,492,825137,3,2963
stored,WebAuthn-true,P256-true,true,1,1,0,59813,0,2378
stored,WebAuthn-true,P256-true,true,1,2,0,59813,0,2303
carried,WebAuthn-true,P256-true,true,1,0,547,327477,1,3926
carried,WebAuthn-true,P256-true,true,1,1,547,78177,0,3901
carried,WebAuthn-true,P256-true,true,1,2,547,78177,0,4006
stored,WebAuthn-true,P256-true,true,2,0,493,825237,3,3292
stored,WebAuthn-true,P256-true,true,2,1,0,59913,0,2907
stored,WebAuthn-true,P256-true,true,2,2,0,62713,0,3375
carried,WebAuthn-true,P256-true,true,2,0,547,329831,1,9205
carried,WebAuthn-true,P256-true,true,2,1,547,80531,0,6364
carried,WebAuthn-true,P256-true,true,2,2,547,332731,1,4207
stored,WebAuthn-true,P256-true,true,3,0,565,2839337,11,3972
stored,WebAuthn-true,P256-true,true,3,1,0,64013,0,3138
stored,WebAuthn-true,P256-true,true,3,2,0,64013,0,3388
carried,WebAuthn-true,P256-true,true,3,0,622,328501,1,4097
carried,WebAuthn-true,P256-true,true,3,1,622,79201,0,3206
carried,WebAuthn-true,P256-true,true,3,2,622,79201,0,4081
stored,WebAuthn-false,WebAuthn-false,false,0,0,373,314250,1,2288
stored,WebAuthn-false,WebAuthn-false,false,0,1,0,43534,0,1772
stored,WebAuthn-false,WebAuthn-false,false,0,2,0,43534,0,1872
carried,WebAuthn-false,WebAuthn-false,false,0,0,427,60520,0,2227
carried,WebAuthn-false,WebAuthn-false,false,0,1,427,60520,0,2699
carried,WebAuthn-false,WebAuthn-false,false,0,2,427,60520,0,2400
stored,WebAuthn-false,WebAuthn-false,false,1,0,400,816937,3,2854
stored,WebAuthn-false,WebAuthn-false,false,1,1,0,46221,0,5842
stored,WebAuthn-false,WebAuthn-false,false,1,2,0,46221,0,3009
carried,WebAuthn-false,WebAuthn-false,false,1,0,455,327047,1,4588
carried,WebAuthn-false,WebAuthn-false,false,1,1,455,79847,0,3708
carried,WebAuthn-false,WebAuthn-false,false,1,2,455,79847,0,3608
stored,WebAuthn-false,WebAuthn-false,false,2,0,401,817037,3,2872
stored,WebAuthn-false,WebAuthn-false,false,2,1,0,46321,0,4591
stored,WebAuthn-false,WebAuthn-false,false,2,2,0,46321,0,2638
carried,WebAuthn-false,WebAuthn-false,false,2,0,455,329755,1,6704
carried,WebAuthn-false,WebAuthn-false,false,2,1,455,82555,0,11622
carried,WebAuthn-false,WebAuthn-false,false,2,2,455,332655,1,6676
stored,WebAuthn-false,WebAuthn-false,false,3,0,473,2831137,11,3815
stored,WebAuthn-false,WebAuthn-false,false,3,1,0,50421,0,5091
stored,WebAuthn-false,WebAuthn-false,false,3,2,0,50421,0,3101
carried,WebAuthn-false,WebAuthn-false,false,3,0,530,328059,1,6731
carried,WebAuthn-false,WebAuthn-false,false,3,1,530,80859,0,6505
carried,WebAuthn-false,WebAuthn-false,false,3,2,530,80859,0,5311
stored,WebAuthn-false,WebAuthn-false,true,0,0,373,319050,1,2866
stored,WebAuthn-false,WebAuthn-false,true,0,1,0,48334,0,2504
stored,WebAuthn-false,WebAuthn-false,true,0,2,0,48334,0,2412
carried,WebAuthn-false,WebAuthn-false,true,0,0,427,65220,0,3125
carried,WebAuthn-false,WebAuthn-false,true,0,1,427,65220,0,2409
carried,WebAuthn-false,WebAuthn-false,true,0,2,427,65220,0,2390
stored,WebAuthn-false,WebAuthn-false,true,1,0,400,821737,3,2256
stored,WebAuthn-false,WebAuthn-false,true,1,1,0,57821,0,2055
stored,WebAuthn-false,WebAuthn-false,true,1,2,0,57821,0,2001
carried,WebAuthn-false,WebAuthn-false,true,1,0,455,323293,1,2696
carried,WebAuthn-false,WebAuthn-false,true,1,1,455,73993,0,16671
carried,WebAuthn-false,WebAuthn-false,true,1,2,455,73993,0,9630
stored,WebAuthn-false,WebAuthn-false,true,2,0,401,821837,3,2479
stored,WebAuthn-false,WebAuthn-false,true,2,1,0,57921,0,2042
stored,WebAuthn-false,WebAuthn-false,true,2,2,0,60721,0,2052
carried,WebAuthn-false,WebAuthn-false,true,2,0,455,325647,1,2844
carried,WebAuthn-false,WebAuthn-false,true,2,1,455,76347,0,19579
carried,WebAuthn-false,WebAuthn-false,true,2,2,455,328547,1,10853
stored,WebAuthn-false,WebAuthn-false,true,3,0,473,2835937,11,2300
stored,WebAuthn-false,WebAuthn-false,true,3,1,0,62021,0,1804
stored,WebAuthn-false,WebAuthn-false,true,3,2,0,62021,0,1835
carried,WebAuthn-false,WebAuthn-false,true,3,0,530,324305,1,2608
carried,WebAuthn-false,WebAuthn-false,true,3,1,530,75005,0,19387
carried,WebAuthn-false,WebAuthn-false,true,3,2,530,75005,0,10807
stored,WebAuthn-false,WebAuthn-true,false,0,0,373,318258,1,3172
stored,WebAuthn-false,WebAuthn-true,false,0,1,0,47542,0,2387
stored,WebAuthn-false,WebAuthn-true,false,0,2,0,47542,0,2284
carried,WebAuthn-false,WebAuthn-true,false,0,0,427,64528,0,2721
carried,WebAuthn-false,WebAuthn-true,false,0,1,427,64528,0,2796
carried,WebAuthn-false,WebAuthn-true,false,0,2,427,64528,0,3155
stored,WebAuthn-false,WebAuthn-true,false,1,0,400,820945,3,2943
stored,WebAuthn-false,WebAuthn-true,false,1,1,0,50229,0,3023
stored,WebAuthn-false,WebAuthn-true,false,1,2,0,50229,0,3328
carried,WebAuthn-false,WebAuthn-true,false,1,0,455,331043,1,21968
carried,WebAuthn-false,WebAuthn-true,false,1,1,455,83843,0,5859
carried,WebAuthn-false,WebAuthn-true,false,1,2,455,83843,0,4648
stored,WebAuthn-false,WebAuthn-true,false,2,0,401,821045,3,5206
stored,WebAuthn-false,WebAuthn-true,false,2,1,0,50329,0,3458
stored,WebAuthn-false,WebAuthn-true,false,2,2,0,50329,0,3581
carried,WebAuthn-false,WebAuthn-true,false,2,0,455,333763,1,5515
carried,WebAuthn-false,WebAuthn-true,false,2,1,455,86563,0,5203
carried,WebAuthn-false,WebAuthn-true,false,2,2,455,336663,1,4021
stored,WebAuthn-false,WebAuthn-true,false,3,0,473,2835145,11,3119
stored,WebAuthn-false,WebAuthn-true,false,3,1,0,54429,0,3128
stored,WebAuthn-false,WebAuthn-true,false,3,2,0,54429,0,2462
carried,WebAuthn-false,WebAuthn-true,false,3,0,530,332079,1,3834
carried,WebAuthn-false,WebAuthn-true,false,3,1,530,84879,0,3455
carried,WebAuthn-false,WebAuthn-true,false,3,2,530,84879,0,3616
stored,WebAuthn-false,WebAuthn-true,true,0,0,373,323058,1,2325
stored,WebAuthn-false,WebAuthn-true,true,0,1,0,52342,0,2447
stored,WebAuthn-false,WebAuthn-true,true,0,2,0,52342,0,2661
carried,WebAuthn-false,WebAuthn-true,true,0,0,427,69228,0,2913
carried,WebAuthn-false,WebAuthn-true,true,0,1,427,69228,0,2611
carried,WebAuthn-false,WebAuthn-true,true,0,2,427,69228,0,3252
stored,WebAuthn-false,WebAuthn-true,true,1,0,400,825745,3,2591
stored,WebAuthn-false,WebAuthn-true,true,1,1,0,61829,0,2921
stored,WebAuthn-false,WebAuthn-true,true,1,2,0,61829,0,3066
carried,WebAuthn-false,WebAuthn-true,true,1,0,455,327289,1,3861
carried,WebAuthn-false,WebAuthn-true,true,1,1,455,77989,0,10050
carried,WebAuthn-false,WebAuthn-true,true,1,2,455,77989,0,3904
stored,WebAuthn-false,WebAuthn-true,true,2,0,401,825845,3,2564
stored,WebAuthn-false,WebAuthn-true,true,2,1,0,61929,0,2093
stored,WebAuthn-false,WebAuthn-true,true,2,2,0,64729,0,2155
carried,WebAuthn-false,WebAuthn-true,true,2,0,455,329655,1,3063
carried,WebAuthn-false,WebAuthn-true,true,2,1,455,80355,0,3793
carried,WebAuthn-false,WebAuthn-true,true,2,2,455,332555,1,2935
stored,WebAuthn-false,WebAuthn-true,true,3,0,473,2839945,11,2913
stored,WebAuthn-false,WebAuthn-true,true,3,1,0,66029,0,2213
stored,WebAuthn-false,WebAuthn-true,true,3,2,0,66029,0,2852
carried,WebAuthn-false,WebAuthn-true,true,3,0,530,328325,1,3895
carried,WebAuthn-false,WebAuthn-true,true,3,1,530,79025,0,4774
carried,WebAuthn-false,WebAuthn-true,true,3,2,530,79025,0,3687
stored,WebAuthn-true,WebAuthn-false,false,0,0,465,315658,1,3375
stored,WebAuthn-true,WebAuthn-false,false,0,1,0,43534,0,2748
stored,WebAuthn-true,WebAuthn-false,false,0,2,0,43534,0,2261
carried,WebAuthn-true,WebAuthn-false,false,0,0,519,62712,0,2643
carried,WebAuthn-true,WebAuthn-false,false,0,1,519,62712,0,2475
carried,WebAuthn-true,WebAuthn-false,false,0,2,519,62712,0,2737
stored,WebAuthn-true,WebAuthn-false,false,1,0,492,818345,3,3647
stored,WebAuthn-true,WebAuthn-false,false,1,1,0,46221,0,3058
stored,WebAuthn-true,WebAuthn-false,false,1,2,0,46221,0,15832
carried,WebAuthn-true,WebAuthn-false,false,1,0,547,329227,1,4804
carried,WebAuthn-true,WebAuthn-false,false,1,1,547,82027,0,4993
carried,WebAuthn-true,WebAuthn-false,false,1,2,547,82027,0,11204
stored,WebAuthn-true,WebAuthn-false,false,2,0,493,818445,3,7740
stored,WebAuthn-true,WebAuthn-false,false,2,1,0,46321,0,3184
stored,WebAuthn-true,WebAuthn-false,false,2,2,0,46321,0,3207
carried,WebAuthn-true,WebAuthn-false,false,2,0,547,331935,1,5354
carried,WebAuthn-true,WebAuthn-false,false,2,1,547,84735,0,9360
carried,WebAuthn-true,WebAuthn-false,false,2,2,547,334835,1,5692
stored,WebAuthn-true,WebAuthn-false,false,3,0,565,2832545,11,3983
stored,WebAuthn-true,WebAuthn-false,false,3,1,0,50421,0,2931
stored,WebAuthn-true,WebAuthn-false,false,3,2,0,50421,0,3249
carried,WebAuthn-true,WebAuthn-false,false,3,0,622,330263,1,4081
carried,WebAuthn-true,WebAuthn-false,false,3,1,622,83063,0,3674
carried,WebAuthn-true,WebAuthn-false,false,3,2,622,83063,0,3975
stored,WebAuthn-true,WebAuthn-false,true,0,0,465,320458,1,3202
stored,WebAuthn-true,WebAuthn-false,true,0,1,0,48334,0,2437
stored,WebAuthn-true,WebAuthn-false,true,0,2,0,48334,0,2312
carried,WebAuthn-true,WebAuthn-false,true,0,0,519,67412,0,3401
carried,WebAuthn-true,WebAuthn-false,true,0,1,519,67412,0,3168
carried,WebAuthn-true,WebAuthn-false,true,0,2,519,67412,0,3227
stored,WebAuthn-true,WebAuthn-false,true,1,0,492,823145,3,3143
stored,WebAuthn-true,WebAuthn-false,true,1,1,0,57821,0,2787
stored,WebAuthn-true,WebAuthn-false,true,1,2,0,57821,0,3524
carried,WebAuthn-true,WebAuthn-false,true,1,0,547,325473,1,3868
carried,WebAuthn-true,WebAuthn-false,true,1,1,547,76173,0,3767
carried,WebAuthn-true,WebAuthn-false,true,1,2,547,76173,0,3661
stored,WebAuthn-true,WebAuthn-false,true,2,0,493,823245,3,3121
stored,WebAuthn-true,WebAuthn-false,true,2,1,0,57921,0,2304
stored,WebAuthn-true,WebAuthn-false,true,2,2,0,60721,0,2357
carried,WebAuthn-true,WebAuthn-false,true,2,0,547,327827,1,2917
carried,WebAuthn-true,WebAuthn-false,true,2,1,547,78527,0,2579
carried,WebAuthn-true,WebAuthn-false,true,2,2,547,330727,1,2795
stored,WebAuthn-true,WebAuthn-false,true,3,0,565,2837345,11,3338
stored,WebAuthn-true,WebAuthn-false,true,3,1,0,62021,0,2539
stored,WebAuthn-true,WebAuthn-false,true,3,2,0,62021,0,2228
carried,WebAuthn-true,WebAuthn-false,true,3,0,622,326509,1,3198
carried,WebAuthn-true,WebAuthn-false,true,3,1,622,77209,0,3855
carried,WebAuthn-true,WebAuthn-false,true,3,2,622,77209,0,3597
stored,WebAuthn-true,WebAuthn-true,false,0,0,465,319666,1,3659
stored,WebAuthn-true,WebAuthn-true,false,0,1,0,47542,0,2971
stored,WebAuthn-true,WebAuthn-true,false,0,2,0,47542,0,2581
carried,WebAuthn-true,WebAuthn-true,false,0,0,519,66696,0,4155
carried,WebAuthn-true,WebAuthn-true,false,0,1,519,66696,0,6945
carried,WebAuthn-true,WebAuthn-true,false,0,2,519,66696,0,3968
stored,WebAuthn-true,WebAuthn-true,false,1,0,492,822353,3,6105
stored,WebAuthn-true,WebAuthn-true,false,1,1,0,50229,0,2740
stored,WebAuthn-true,WebAuthn-true,false,1,2,0,50229,0,2440
carried,WebAuthn-true,WebAuthn-true,false,1,0,547,333247,1,3726
carried,WebAuthn-true,WebAuthn-true,false,1,1,547,86047,0,3456
carried,WebAuthn-true,WebAuthn-true,false,1,2,547,86047,0,16438
stored,WebAuthn-true,WebAuthn-true,false,2,0,493,822453,3,2900
stored,WebAuthn-true,WebAuthn-true,false,2,1,0,50329,0,2391
stored,WebAuthn-true,WebAuthn-true,false,2,2,0,50329,0,2734
carried,WebAuthn-true,WebAuthn-true,false,2,0,547,335955,1,5592
carried,WebAuthn-true,WebAuthn-true,false,2,1,547,88755,0,5463
carried,WebAuthn-true,WebAuthn-true,false,2,2,547,338855,1,4872
stored,WebAuthn-true,WebAuthn-true,false,3,0,565,2836553,11,4952
stored,WebAuthn-true,WebAuthn-true,false,3,1,0,54429,0,8185
stored,WebAuthn-true,WebAuthn-true,false,3,2,0,54429,0,3447
carried,WebAuthn-true,WebAuthn-true,false,3,0,622,334271,1,6447
carried,WebAuthn-true,WebAuthn-true,false,3,1,622,87071,0,5435
carried,WebAuthn-true,WebAuthn-true,false,3,2,622,87071,0,5375
stored,WebAuthn-true,WebAuthn-true,true,0,0,465,324466,1,3407
stored,WebAuthn-true,WebAuthn-true,true,0,1,0,52342,0,2731
stored,WebAuthn-true,WebAuthn-true,true,0,2,0,52342,0,2732
carried,WebAuthn-true,WebAuthn-true,true,0,0,519,71396,0,3733
carried,WebAuthn-true,WebAuthn-true,true,0,1,519,71396,0,3616
carried,WebAuthn-true,WebAuthn-true,true,0,2,519,71396,0,3461
stored,WebAuthn-true,WebAuthn-true,true,1,0,492,827153,3,3503
stored,WebAuthn-true,WebAuthn-true,true,1,1,0,61829,0,7545
stored,WebAuthn-true,WebAuthn-true,true,1,2,0,61829,0,2619
carried,WebAuthn-true,WebAuthn-true,true,1,0,547,329493,1,4474
carried,WebAuthn-true,WebAuthn-true,true,1,1,547,80193,0,3454
carried,WebAuthn-true,WebAuthn-true,true,1,2,547,80193,0,3873
stored,WebAuthn-true,WebAuthn-true,true,2,0,493,827253,3,3773
stored,WebAuthn-true,WebAuthn-true,true,2,1,0,61929,0,2595
stored,WebAuthn-true,WebAuthn-true,true,2,2,0,64729,0,2784
carried,WebAuthn-true,WebAuthn-true,true,2,0,547,331847,1,5046
carried,WebAuthn-true,WebAuthn-true,true,2,1,547,82547,0,3738
carried,WebAuthn-true,WebAuthn-true,true,2,2,547,334747,1,4030
stored,WebAuthn-true,WebAuthn-true,true,3,0,565,2841353,11,4786
stored,WebAuthn-true,WebAuthn-true,true,3,1,0,66029,0,5558
stored,WebAuthn-true,WebAuthn-true,true,3,2,0,66029,0,2959
carried,WebAuthn-true,WebAuthn-true,true,3,0,622,330517,1,16895
carried,WebAuthn-true,WebAuthn-true,true,3,1,622,81217,0,3788
carried,WebAuthn-true,WebAuthn-true,true,3,2,622,81217,0,3291
